title,company,city,date,url,department,workplace_type,description,requirements
AI Engineer- R&D and Innovation Center,Deloitte Israel,Tel Aviv,2026-04-29,https://careers.deloitte.co.il/positions/,Data & AI,onsite,,
AI Security Architect,Deloitte Israel,Tel Aviv,2026-04-29,https://careers.deloitte.co.il/positions/,Cyber,onsite,,
AI Security Engineer,Deloitte Israel,Tel Aviv,2026-04-29,https://careers.deloitte.co.il/positions/,Cyber,onsite,,
Backend Developer,Deloitte Israel,Tel Aviv,2026-04-29,https://careers.deloitte.co.il/positions/,Cloud,onsite,,
Backend Developer manager,Deloitte Israel,Tel Aviv,2026-04-29,https://careers.deloitte.co.il/positions/,Cloud,onsite,,
Big Data Engineer,Deloitte Israel,Tel Aviv,2026-04-29,https://careers.deloitte.co.il/positions/,Data & AI,onsite,,
C++ Backend Developer,Deloitte Israel,Tel Aviv,2026-04-29,https://careers.deloitte.co.il/positions/,Cloud,onsite,,
Cloud & DevOps Team lead,Deloitte Israel,Tel Aviv,2026-04-29,https://careers.deloitte.co.il/positions/,Cloud,onsite,,
Cloud Security Architect,Deloitte Israel,Tel Aviv,2026-04-29,https://careers.deloitte.co.il/positions/,Cyber,onsite,,
Data Science Lead-  R&D and Innovation Center,Deloitte Israel,Tel Aviv,2026-04-29,https://careers.deloitte.co.il/positions/,Data & AI,onsite,,
Devops Engineer,Deloitte Israel,Tel Aviv,2026-04-29,https://careers.deloitte.co.il/positions/,Cloud,onsite,,
Frontend Developer,Deloitte Israel,Tel Aviv,2026-04-29,https://careers.deloitte.co.il/positions/,Cloud,onsite,,
Full Stack Developer,Deloitte Israel,Tel Aviv,2026-04-29,https://careers.deloitte.co.il/positions/,Salesforce,onsite,,
Full Stack Engineer- R&D and Innovation Center,Deloitte Israel,Tel Aviv,2026-04-29,https://careers.deloitte.co.il/positions/,Data & AI,onsite,,
GenAI Engineer-  R&D and Innovation Center,Deloitte Israel,Tel Aviv,2026-04-29,https://careers.deloitte.co.il/positions/,Data & AI,onsite,,
Hands-On Data & AI Architect,Deloitte Israel,Tel Aviv,2026-04-29,https://careers.deloitte.co.il/positions/,Data & AI,onsite,,
Observability Professional,Deloitte Israel,Tel Aviv,2026-04-29,https://careers.deloitte.co.il/positions/,Human Capital,onsite,,
Observability Specialist,Deloitte Israel,Tel Aviv,2026-04-29,https://careers.deloitte.co.il/positions/,Human Capital,onsite,,
Offensive Security Team Leader,Deloitte Israel,Tel Aviv,2026-04-29,https://careers.deloitte.co.il/positions/,Cyber,onsite,,
Oracle Implementer,Deloitte Israel,Tel Aviv,2026-04-29,https://careers.deloitte.co.il/positions/,Oracle,onsite,,
QA Automation,Deloitte Israel,Tel Aviv,2026-04-29,https://careers.deloitte.co.il/positions/,Cloud,onsite,,
SAC consultant,Deloitte Israel,Tel Aviv,2026-04-29,https://careers.deloitte.co.il/positions/,SAP,onsite,,
Salesforce Implementer,Deloitte Israel,Tel Aviv,2026-04-29,https://careers.deloitte.co.il/positions/,Salesforce,onsite,,
Salesforce Solution Architect,Deloitte Israel,Tel Aviv,2026-04-29,https://careers.deloitte.co.il/positions/,Salesforce,onsite,,
SecOps Engineer,Deloitte Israel,Tel Aviv,2026-04-29,https://careers.deloitte.co.il/positions/,Cyber,onsite,,
Security Operations & Compliance Lead,Deloitte Israel,Tel Aviv,2026-04-29,https://careers.deloitte.co.il/positions/,Cyber,onsite,,
Senior Backend Developer,Deloitte Israel,Tel Aviv,2026-04-29,https://careers.deloitte.co.il/positions/,Cloud,onsite,,
Senior Backend Developer- R&D and Innovation Center,Deloitte Israel,Tel Aviv,2026-04-29,https://careers.deloitte.co.il/positions/,Data & AI,onsite,,
Senior cloud FinOps Engineer,Deloitte Israel,Tel Aviv,2026-04-29,https://careers.deloitte.co.il/positions/,Cloud,onsite,,
SuccessFactors Specialist,Deloitte Israel,Tel Aviv,2026-04-29,https://careers.deloitte.co.il/positions/,Human Capital,onsite,,
Alumni community specialist,Deloitte Israel,Tel Aviv,2026-04-29,https://careers.deloitte.co.il/positions/,Marketing,onsite,,
Bookkeeper for GFS,Deloitte Israel,Tel Aviv,2026-04-29,https://careers.deloitte.co.il/positions/,Finance,onsite,,
Conflict and Compliance Specialist,Deloitte Israel,Tel Aviv,2026-04-29,https://careers.deloitte.co.il/positions/,Risk Advisory,onsite,,
Cyber Security Senior Analyst,Deloitte Israel,Tel Aviv,2026-04-29,https://careers.deloitte.co.il/positions/,Cyber,onsite,,
Employee Experience Manager,Deloitte Israel,Tel Aviv,2026-04-29,https://careers.deloitte.co.il/positions/,Human Resources,onsite,,
Join Deloitte - The World's Leading Consulting and Accounting Firm,Deloitte Israel,Tel Aviv,2026-04-29,https://careers.deloitte.co.il/positions/,Human Resources,onsite,,
Marketer,Deloitte Israel,Tel Aviv,2026-04-29,https://careers.deloitte.co.il/positions/,Marketing,onsite,,
Receptionist& Events Operations Administrator,Deloitte Israel,Tel Aviv,2026-04-29,https://careers.deloitte.co.il/positions/,Adminstration,onsite,,
Talent Acquisition Specialist,Deloitte Israel,Tel Aviv,2026-04-29,https://careers.deloitte.co.il/positions/,Human Resources,onsite,,
Brand Strategy,Deloitte Israel,Tel Aviv,2026-04-29,https://careers.deloitte.co.il/positions/,Studio Awesome,onsite,,
Corporate Finance consultant,Deloitte Israel,Tel Aviv,2026-04-29,https://careers.deloitte.co.il/positions/,Investment Banking,onsite,,
Customer Strategy Lead – Digital & AI Transformation Deloitte Digital,Deloitte Israel,Tel Aviv,2026-04-29,https://careers.deloitte.co.il/positions/,Strategy Consulting,onsite,,
Finance Transformation Technology and AI Consultant,Deloitte Israel,Tel Aviv,2026-04-29,https://careers.deloitte.co.il/positions/,Finance Transformation,onsite,,
Finance Transformation Technology and AI Senior Consultant,Deloitte Israel,Tel Aviv,2026-04-29,https://careers.deloitte.co.il/positions/,Finance Transformation,onsite,,
Financial Consultant,Deloitte Israel,Tel Aviv,2026-04-29,https://careers.deloitte.co.il/positions/,Valuation,onsite,,
Fraud Manager,Deloitte Israel,Tel Aviv,2026-04-29,https://careers.deloitte.co.il/positions/,Risk Advisory,onsite,,
Future of Work Consultant,Deloitte Israel,Tel Aviv,2026-04-29,https://careers.deloitte.co.il/positions/,Human Capital,onsite,,
Integration Developer,Deloitte Israel,Tel Aviv,2026-04-29,https://careers.deloitte.co.il/positions/,Human Capital,onsite,,
iOS Developer,Deloitte Israel,Tel Aviv,2026-04-29,https://careers.deloitte.co.il/positions/,Adobe,onsite,,
IT Risk Management and SOC2 Consultant,Deloitte Israel,Tel Aviv,2026-04-29,https://careers.deloitte.co.il/positions/,Risk Advisory,onsite,,
M&A Consultant,Deloitte Israel,Tel Aviv,2026-04-29,https://careers.deloitte.co.il/positions/,M&A,onsite,,
Marketing Automation Implementer,Deloitte Israel,Tel Aviv,2026-04-29,https://careers.deloitte.co.il/positions/,Adobe,onsite,,
Monitor- Strategy Manger Public Sector,Deloitte Israel,Tel Aviv,2026-04-29,https://careers.deloitte.co.il/positions/,Strategy Consulting,onsite,,
NetSuite Implementer,Deloitte Israel,Tel Aviv,2026-04-29,https://careers.deloitte.co.il/positions/,Netsuite,onsite,,
Oracle Finance Expert,Deloitte Israel,Tel Aviv,2026-04-29,https://careers.deloitte.co.il/positions/,Oracle,onsite,,
Technical Project Manager,Deloitte Israel,Tel Aviv,2026-04-29,https://careers.deloitte.co.il/positions/,Adobe,onsite,,
Export US Tax,Deloitte Israel,Tel Aviv,2026-04-29,https://careers.deloitte.co.il/positions/,US Tax,onsite,,
International Tax Consultant,Deloitte Israel,Tel Aviv,2026-04-29,https://careers.deloitte.co.il/positions/,Transfer Pricing,onsite,,
International Tax Manager,Deloitte Israel,Tel Aviv,2026-04-29,https://careers.deloitte.co.il/positions/,International Tax,onsite,,
Senior Manager Real Estate Tax,Deloitte Israel,Tel Aviv,2026-04-29,https://careers.deloitte.co.il/positions/,CPA,onsite,,
Tax Manager,Deloitte Israel,Tel Aviv,2026-04-29,https://careers.deloitte.co.il/positions/,International Tax,onsite,,
Tax Professional Staff,Deloitte Israel,Tel Aviv,2026-04-29,https://careers.deloitte.co.il/positions/,International Tax,onsite,,
US Tax Manager,Deloitte Israel,Tel Aviv,2026-04-29,https://careers.deloitte.co.il/positions/,US Tax,onsite,,
Accountant,Deloitte Israel,Jerusalem,2026-04-29,https://careers.deloitte.co.il/positions/,Audit,onsite,,
Audit   Staff tel aviv,Deloitte Israel,Tel Aviv,2026-04-29,https://careers.deloitte.co.il/positions/,Audit,onsite,,
Audit Intern - Haifa,Deloitte Israel,Haifa,2026-04-29,https://careers.deloitte.co.il/positions/,CPA,onsite,,
Audit Intern - ITSA,Deloitte Israel,Tel Aviv,2026-04-29,https://careers.deloitte.co.il/positions/,Audit - Intern,onsite,,
Audit Intern - Student Position,Deloitte Israel,Tel Aviv,2026-04-29,https://careers.deloitte.co.il/positions/,CPA,onsite,,
Audit Manager,Deloitte Israel,Tel Aviv,2026-04-29,https://careers.deloitte.co.il/positions/,Audit,onsite,,
Audit Senior Staff,Deloitte Israel,Jerusalem,2026-04-29,https://careers.deloitte.co.il/positions/,Audit,onsite,,
Audit Staff-privat,Deloitte Israel,Tel Aviv,2026-04-29,https://careers.deloitte.co.il/positions/,Audit,onsite,,
Client and Collections Coordinator,Deloitte Israel,Tel Aviv,2026-04-29,https://careers.deloitte.co.il/positions/,Audit,onsite,,
Client and Collections Coordinator,Deloitte Israel,Jerusalem,2026-04-29,https://careers.deloitte.co.il/positions/,Audit,onsite,,
Collections Team Leader,Deloitte Israel,Jerusalem,2026-04-29,https://careers.deloitte.co.il/positions/,Audit,onsite,,
CPA - Internal Audit,Deloitte Israel,Tel Aviv,2026-04-29,https://careers.deloitte.co.il/positions/,Internal Audit,onsite,,
CPA for the Audit Division - Haifa Office.,Deloitte Israel,Haifa,2026-04-29,https://careers.deloitte.co.il/positions/,Export Audit Staff,onsite,,
Intern for the audit - Finance Cluster,Deloitte Israel,Tel Aviv,2026-04-29,https://careers.deloitte.co.il/positions/,Audit - Intern,onsite,,
Intern for the Audit &Assurance Division - Jerusalem Office,Deloitte Israel,Jerusalem,2026-04-29,https://careers.deloitte.co.il/positions/,Audit - Intern,onsite,,
Internal Audit Consultant,Deloitte Israel,Tel Aviv,2026-04-29,https://careers.deloitte.co.il/positions/,Audit,onsite,,
Internal Audit Consultant staff,Deloitte Israel,Tel Aviv,2026-04-29,https://careers.deloitte.co.il/positions/,Internal Audit,onsite,,
IT & Specialized Assurance Consultant,Deloitte Israel,Tel Aviv,2026-04-29,https://careers.deloitte.co.il/positions/,Audit,onsite,,
IT & Specialized Assurance Consultant junior,Deloitte Israel,Tel Aviv,2026-04-29,https://careers.deloitte.co.il/positions/,Audit,onsite,,
IT & Specialized Assurance Manager,Deloitte Israel,Tel Aviv,2026-04-29,https://careers.deloitte.co.il/positions/,Audit,onsite,,
Oversight Senior Consultant,Deloitte Israel,Tel Aviv,2026-04-29,https://careers.deloitte.co.il/positions/,Audit,onsite,,
איש רכש,Deloitte Israel,Jerusalem,2026-04-29,https://careers.deloitte.co.il/positions/,Audit,onsite,,
