title,company,location,date,deadline,url,jobcode,campus,department,workplace_type,description,requirements
מנהל/ת היחידה לניתוח ותכנון מדיניות- לשכת הנשיא,האוניברסיטה העברית בירושלים,ירושלים,2026-05-04,,https://huji.hunterhrms.com/job-details/?jobcode=JB-5036,JB-5036,קמפוס הר הצופים,,onsite,"מנהל/ת היחידה אמון על הובלת פעילות היחידה לצורך תמיכה בתהליכי ניתוח ותכנון מדיניות, וקידום תהליכים מרכזיים בארגון. במסגרת התפקיד, המנהל/ת ישמש/תשמש גורם מפתח בגיבוש מבנה נתונים רלוונטיים כיסוד לתהליכי קבלת החלטות של הנהלת האוניברסיטה, ובליווי תהליכי יישום תוכניות האוניברסיטה בשיתוף פעולה עם היחידות השונות.
•	יעוץ להנהלת האוניברסיטה בגיבוש מדיניות מבוססת מידע ונתונים, הכנת תוכניות לטווח קצר וארוך, ובהתוויית אסטרטגיה תומכת לקבלת החלטות בארגון.
•	סיוע במעקב שוטף אחר יישום התוכנית האסטרטגית של האוניברסיטה ותוכניות פיתוח של היחידות, זיהוי פערים ויזום צעדים לשיפור.
•	ייזום והובלת ניתוח מגמות והשוואת נתונים בין האוניברסיטה העברית לאוניברסיטאות אחרות בארץ ואוניברסיטאות מובילות בעולם,  בפרמטרים הרלוונטיים להשכלה הגבוהה.
•	פיקוח על עיבוד נתונים כלכליים/סטטיסטיים והפקת דו""חות עבור גורמים שונים באוניברסיטה.
•	הנעת תהליכי מעקב, ניתוח וטיוב מאגרי המידע המועברים לוועדה לתכנון ותקצוב (ות""ת).
•	אחריות על ביצוע מעקב שוטף אחר החלטות מל""ג/ות""ת – ניתוח המידע והשלכותיו, עדכון הנהלת האוניברסיטה והמלצה על דרכי פעולה בהתאם.
•	תכנון ופיקוח על בניית כלים לקבלת החלטות מבוססות נתונים – ייזום, פיתוח והטמעת כלים תומכי החלטה.
•	אחריות ומתן הנחיות לכתיבת מסמכים, הפקת דו""חות והכנת מצגות וחומרים מקצועיים ותמציתיים אחרים בנושאי ליבה, שישמשו כבסיס לדיוני הנהלת האוניברסיטה ולקבלת החלטות אסטרטגיות.
•	ניהול צוות היחידה – הגדרת משימות, קביעת סדרי עדיפויות, פיתוח מקצועי וליווי שוטף של הצוות.
•	משימות נוספות בהתאם להנחיות ההנהלה.","•	תואר אקדמי בסטטיסטיקה/ כלכלה/ מדע הנתונים/ תחום רלוונטי אחר.
•	ניסיון בניתוח נתונים והצגת תמונת מצב ותהליכים מורכבים בפני הנהלת הארגון או גורמים בכירים אחרים.
•	מיומנויות עבודה עם יישומי Office ועם מערכות IT ובכלל זה שליטה ב- EXCEL ובפרט PIVOT ונוסחאות כלכליות וסטטיסטיות מורכבות, היכרות ועבודה עם מערכות ERP, BI וכלי AI ברמה גבוהה מאוד.
•	היכרות טובה עם מערכת ההשכלה הגבוהה בישראל ואופן תקצובה- יתרון.
•	הכרות עם המערכת האוניברסיטאית והתרבות הארגונית באוניברסיטה- יתרון.
•	ניסיון בהובלת תהליכים ושינויים בארגונים גדולים – יתרון.
•	ניסיון בניהול צוות  עובדים- יתרון.
•	ידיעת השפה העברית על בוריה ואנגלית ברמה טובה מאוד בעל פה ובכתב.
•	יכולת תקשורת בין-אישית גבוהה בדגש על מיומנויות הצגה, שכנוע וניהול קונפליקטים.
•	יכולות אנליטיות, חשיבה שיטתית ויכולת גבוהה של הסקת מסקנות מנתונים.
•	יוזמה, יצירתיות, יכולת למידה עצמית ויכולת עבודה עצמאית ובצוות.
•	יכולת להתמודד עם ריבוי משימות ועמידה בלוחות זמנים."
ממונה על הגנת הפרטיות וניהול סיכונים- הנהלה,האוניברסיטה העברית בירושלים,ירושלים,2026-05-04,,https://huji.hunterhrms.com/job-details/?jobcode=JB-5038,JB-5038,קמפוס הר הצופים,,onsite,"•	גיבוש, יישום ופיקוח על מדיניות ונהלים בתחומי פרטיות, ליווי תהליכי ציות, חופש המידע וניהול סיכונים תפעוליים בלשכת מנכ""ל, וכן ייעוץ שוטף להנהלה וליחידות האוניברסיטה בתחומים אלה.
•	כהונה כממונה על הגנת הפרטיות של האוניברסיטה וליווי פרויקטים ומערכות, לרבות ביצוע תסקירי השפעה על פרטיות (DPIA).
•	הבטחת עמידת האוניברסיטה בדרישות הדין והרגולציה בכל הקשור לחוק הגנת הפרטיות, חוק חופש המידע וכל הוראת דין רלוונטית אחרת.
•	דיווח לגורמים רגולטורים בהתאם לדין וייצוג האוניברסיטה מולם בתאום עם הלשכה המשפטית.
•	זיהוי, מיפוי והערכת סיכונים תפעוליים בתחומי פעילות האוניברסיטה וליווי תהליכי טיפול ובקרה.
•	ביצוע סקרי פערים וביקורות תקופתיות והובלת תהליכי תיקון ושיפור.
•	ניהול אירועי פרטיות ואבטחת מידע בשיתוף גורמי  IT, אבטחת מידע ולשכה משפטית.
•	בחינת היבטי פרטיות וציות בהתקשרויות עם ספקים וגורמי חוץ.
•	כהונה כממונה על חופש המידע, טיפול בפניות הציבור ויישום הוראות החוק.
•	ריכוז תחום הביקורת והמעקב בלשכת המנכ""לית תוך ריכוז הטיפול בדוחות מבקר האוניברסיטה, מעקב אחר יישום המלצות וריכוז הטיפול בדוחות מבקר המדינה.
•	ליווי וריכוז גופי הבת של האוניברסיטה בלשכת מנכ""ל.
•	השתלבות בצוותי עבודה ופרויקטים רוחביים לפי החלטת ממונה.
•	ריכוז ועדות אוניברסיטאיות הנוגעות לתחומי האחריות.
•	מטלות נוספות בהתאם להוראות הממונים.
*כפיפות למנכ""לית האוניברסיטה","•	תואר ראשון במשפטים. תואר שני בתחום- יתרון.
•	ניסיון של 5 שנים לפחות באחד או יותר מהתחומים: הגנת פרטיות, טכנולוגיה, אבטחת מידע, ציות, ניהול סיכונים, ביקורת או רגולציה.
•	ידע מעמיק בדיני הגנת הפרטיות והבנה טובה בטכנולוגיה ואבטחת מידע.
•	ניסיון בעבודה מול רגולטורים או גופי ביקורת.
•	ניסיון בהובלת תהליכים רוחביים והטמעת מדיניות ארגונית.
•	ניסיון בעבודה בארגון גדול ומורכב- יתרון.
•	הסמכות מקצועיות כגון CIPP, CIPM, CISA או מקבילות- יתרון.
•	שליטה מלאה ביישומי Office ואינטרנט.
•	ידיעת השפה העברית על בוריה ואנגלית ברמה טובה, כולל כושר ביטוי וניסוח גבוהים בכתב ובעל פה.
•	יכולת הובלה והנעה בסביבה ארגונית מורכבת, עצמאות, יוזמה ויכולת עבודה מול ממשקים רבים.
•	חשיבה מערכתית, יכולת ניתוח גבוהה, יושרה, דיסקרטיות ושיקול דעת.
היקף:	משרה מלאה"
רכז/ת תוכנית דוקטורנטים ובינלאומיות- הפקולטה למדעי החברה,האוניברסיטה העברית בירושלים,ירושלים,2026-05-04,,https://huji.hunterhrms.com/job-details/?jobcode=JB-5020,JB-5020,קמפוס הר הצופים,,onsite,"•	ריכוז תכנית הדוקטורנטים של הפקולטה וסיוע לראשת התוכנית בפיתוח תכנית שנתית ויוזמות חדשות.
•	ניהול תקציב התוכנית.
•	אחריות וניהול פעילות התוכנית: מפגשים, אירועים, סדנאות הוראה והעשרה, תאום מרצים, כיתות, ציוד, טיפול במלגות ובמענקי נסיעה ועוד.
•	ריכוז וטיפול בנושאים שוטפים הקשורים לתוכנית הדוקטורנטים מול גופי הפקולטה.
•	תכלול הטיפול באורחים בינלאומיים המגיעים למחלקות, כולל פוסטדוקטורנטים, לרבות קליטתם במערכות.
•	עבודה ותאום עם הרשות לבינלאומיות והמינהל האקדמי בכל הקשור לאורחים בינלאומיים.
•	אחריות כוללת על תחום הסכמים בינלאומיים בפקולטה, לרבות טיפול באורחים המגיעים לארץ במסגרת זו (חוקרים, סטודנטים ופוסטדוקטורנטים) בתאום עם גורמי הפקולטה והאוניברסיטה.
•	סיוע בתחום פיתוח תוכניות בינלאומיות בשיתוף עם ראש תחום הוראה ותלמידים ודיקן מכהן (תואר, קורסים, התמחויות).
•	משימות נוספות בהתאם להוראות הממונים.","•	תואר אקדמי. תואר שני- יתרון.
•	ניסיון אדמיניסטרטיבי קודם.
•	ניסיון בניהול תקציב ו/או בנושאי כח אדם-  יתרון.
•	היכרות עם תחום בינלאומיות באקדמיה – יתרון.
•	הכרות עם מערכות מחשב אוניברסיטאיות- יתרון.
•	ידיעת השפה העברית על בוריה ואנגלית ברמה טובה מאוד (כולל כושר הבעה בכתב ובעל-פה בשתי השפות). ידיעת שפות נוספות- יתרון.
•	שליטה מלאה ביישומי   Officeואינטרנט.
•	יכולת ניהול עצמי של משימות לצד יכולת לעבוד בצוות.
•	יחסי אנוש מעולים, יכולת עבודה בצוות ותודעת שירות גבוהה.
היקף:	משרה מלאה."
רכז/ת תקציבי מחקר-המכון לפיזיקה יישומיתהפק' למדעי הטבע,האוניברסיטה העברית בירושלים,ירושלים,2026-05-04,2026-05-17,https://huji.hunterhrms.com/job-details/?jobcode=JB-5037,JB-5037,"קמפוס  ע""ש אדמונד י.ספרא",,onsite,"סיוע אדמיניסטרטיבי לחוקרים ולסטודנטים במכון לפיזיקה יישומית, ובכלל זה:
•	מתן שירותים אדמיניסטרטיביים לחוקרי המכון, לצוות המנהלי ולסטודנטים.
•	טיפול בתקצוב העסקת עובדים במעבדות המחקר של המכון.
•	הכנת דוחות כספיים וסיוע בניהול ובקרה של מענקי המחקר מול הרשות למו""פ.
•	הזמנת שירותים וציוד מספקי פנים ומספקי חוץ, טיפול בתשלומים, החזר הוצאות ומעקב אחר ביצוע.
•	טיפול במינויים ובמלגות לסטודנטים ופוסט-דוקטורנטים.
•	טיפול בבקשות נסיעות של החוקרים והסטודנטים לכנסים בארץ ובחו""ל.
•	טיפול במרצים, פוסט-דוקטורנטים ודוקטורנטים אורחים מחו""ל בכל נושא הקליטה והשהות.
•	ארגון ותיאום כנסים מחקריים ואירועים אקדמיים בינלאומיים.
•	עדכון והעלאת תכנים לאתרי האינטרנט וטיפול בפרסומים.
•	מטלות נוספות בהתאם להוראות הממונים.","•	תואר אקדמי.
•	ניסיון קודם בעבודה אדמיניסטרטיבית.
•	ידע וניסיון בהנהלת חשבונות/ טיפול בתקציבים- יתרון.
•	ניסיון בעבודה עם המערכות הממוחשבות באוניברסיטה- יתרון.
•	הכרות עם יחידות האוניברסיטה (כספים, רשות למו""פ) - יתרון.
•	שליטה מלאה ביישומי Office ואינטרנט.
•	ידיעת השפה העברית על בוריה ואנגלית ברמה טובה.
•	יוזמה, יכולת ארגון וסדר, יכולת עבודה בצוות, יחסי אנוש מעולים ותודעת שירות גבוהה.
היקף:	משרה מלאה"
מנהלן/ית הוראה ותלמידים- הפקולטה לרפואה- בית הספר לרפואה,האוניברסיטה העברית בירושלים,ירושלים,2026-05-04,,https://huji.hunterhrms.com/job-details/?jobcode=JB-5035,JB-5035,קמפוס עין כרם,,onsite,"•	מתן שירות ומידע לסגל אקדמי ולסטודנטים בנושא הוראה ותלמידים.
•	דיווח ועדכון נתונים במערכות ההוראה.
•	אחריות וטיפול בקורסי המבואות.
•	ריכוז בחינות של תלמידי רפואה (עריכה, שכפול והעברה לגורמים רלוונטיים).
•	אחריות על דיווח ציונים ובכלל זה: ציוני המחלקות, ציונית בחינות גמר ובחינות ארציות.
•	בדיקת זכאות לתואר, הפקת אישורים וסגירת תארים.
•	ריכוז התאמות לימודיות של הסטודנט.
•	ריכוז וטיפול בבקשות סטודנטים לשנת חופשה.
•	סיוע בארגון טקסים ואירועים של בית הספר.
•	מטלות נוספות ושוטפות בהתאם לפרויקטים השונים ולהוראות הממונים.","•	תואר אקדמי.
•	ניסיון בעבודה בנושאי הוראה ותלמידים- יתרון.
•	היכרות עם מערכת אורביט- יתרון.
•	שליטה מלאה ביישומי office, כולל Excel ברמה טובה.
•	ידיעת השפה העברית על בוריה ואנגלית ברמה טובה.
•	תודעת שירות גבוהה, יחסי אנוש מעולים ויכולת עבודה בצוות.
•	עמידה בזמנים ותיעדוף משימות, כושר ארגון וסדר.
היקף: משרה מלאה."
רכז/ת אדמיניסטרטיבי/ת- המכון למחקר רפואי ישראל-קנדה והמרכז לחקר התמכרויות- הפקולטה לרפואה,האוניברסיטה העברית בירושלים,ירושלים,2026-05-04,,https://huji.hunterhrms.com/job-details/?jobcode=JB-5034,JB-5034,קמפוס עין כרם,,onsite,"אחריות על כלל הפעילות הארגונית והתפעולית, הנוגעת לתמיכה בראש המכון ולניהול מרכז מחקר התמכרויות, ובכלל זה:
•	ניהול יומן מורכב, תיאום פגישות, ביקורים וישיבות ומעקב אחר משימות ופרויקטים של ראש המכון.
•	טיפול בהיבטים תקציביים עבור ראש המכון: רכש, הזמנות, חשבוניות ודוחות תקציביים.
•	סיוע אדמיניסטרטיבי למרכז לחקר התמכרויות: ניהול תקציב, הפקת אירועים, ניהול ציוד ושירותים ועבודה מול מרצים ואורחים.
•	תיאום, פרסום ותפעול סמינרים שבועיים, ביקורי מרצים אורחים ואירועים אקדמיים.
•	ריכוז ותמיכה בוועדות אקדמיות ומקצועיות: הכנת חומרים, תיאום ישיבות, מעקב ויישום החלטות והפצת מידע.
•	ניהול תחום פרסים ומלגות במכון: פרסום קולות קוראים, ריכוז מועמדויות, דיווחים, הודעות זוכים ותיאום טקסים ואירועים נלווים, כולל תמיכה בתוכנית המצטיינים.
•	הקמה, עדכון וניהול שוטף של אתרי האינטרנט של המכון והמרכז, כולל איסוף חומרים ועבודה מול אגף השיווק.
•	תקשורת שוטפת עם סגל, סטודנטים, מרצים ואורחים, כולל הפצה וקבלת הודעות.","•	תואר אקדמי.
•	ניסיון בעבודה אדמיניסטרטיבית.
•	שליטה מלאה ביישומי Office ואינטרנט.
•	ידיעת השפה העברית על בוריה ואנגלית ברמה טובה.
•	יחסי אנוש מעולים, תודעת שירות גבוהה ויכולת עבודה בצוות.
•	דייקנות, כושר ארגון, יוזמה חריצות ודיסקרטיות.
•	נכונות לעבודה בשעות נוספות במידת הצורך.
היקף:	משרה מלאה (חצי ע""ח תקציבי מחקר)."
טכנופדגוג- היחידה להוראה ולמידה,האוניברסיטה העברית בירושלים,ירושלים,2026-05-04,,https://huji.hunterhrms.com/job-details/?jobcode=JB-5017,JB-5017,קמפוס הר הצופים,,onsite,"הובלה והטמעה של מערכות למידה ממוחשבות ופתרונות דיגיטליים תומכי הוראה ולמידה בקרב סגל אקדמי ומנהלי ובכלל זה:
•	פיתוח והנגשה של חומרי למידה דיגיטליים וכלים אינטראקטיביים, לרבות כלי בינה מלאכותית.
•	מתן מענה שוטף לסגל ההוראה באוניברסיטה בהטמעת שיטות הוראה ולמידה חדשניות תוך מתן עזרה פדגוגית וטכנולוגית.
•	כתיבת מערכי הדרכה לכלל מערכות ההוראה הממוחשבות ועדכונם השוטף.
•	מתן מענה שוטף לרכזי תמיכה בטכנולוגיות להוראה ולמידה ומתאמי מחשוב יחידתיים.
•	מטלות נוספות בהתאם להנחיות הממונים.","•	תואר אקדמי. תואר בטכנולוגיות למידה/ מערכות מידע/ חינוך/ מדעי המחשב. תואר שני- יתרון.
•	ידע וניסיון במערכות למידה ממוחשבות. הכרת מערכת Moodle- יתרון.
•	ניסיון עם טכנולוגיות הוראה- יתרון.
•	ניסיון בעבודה בסביבה אקדמית- יתרון.
•	היכרות עם מערכות -AI יתרון.
•	שליטה מלאה ביישומי Office ואינטרנט.
•	ידיעת השפה העברית על בוריה ואנגלית ברמה טובה.
•	יחסי אנוש מצוינים ויכולת עבודה עם קהל מגוון ובממשקים מרובים.
•	נכונות לעבודה בשעות נוספות במידת הצורך.
היקף: חצי משרה."
מומחה/ית מערכות הזדהות-האגף למחשוב,האוניברסיטה העברית בירושלים,ירושלים,2026-05-04,2026-05-11,https://huji.hunterhrms.com/job-details/?jobcode=JB-4760,JB-4760,"קמפוס  ע""ש אדמונד י.ספרא",,onsite,"•	שותף בכיר בצוות פיתוח מערכות IDM האוניברסיטאיות.
•	פיתוח ותחזוקת המערכות הקיימות וכתיבת מערכות חדשות המתממשקות לקיימות.
•	שילוב מוצרים חיצוניים במערכות, כולל מוצרים מסחריים ומוצרי קוד פתוח.
•	כתיבת ממשקים חדשים למערכות חיצוניות.
•	פיתוח במערך מסדי הנתונים של מערכת ה-IDM, ופיתוח בתוכנות עזר.
•	משימות נוספות בהתאם לדרישות הממונים.","•	תעודת בגרות מלאה. תואר במדעי המחשב או לחליפין תעודת הנדסאי תוכנה/חומרה – יתרון.
•	ניסיון של 3 שנים ב-MYSQL, כולל פרוצדורות ו-Triggers.
•	ניסיון בעבודה במערכות גדולות מרובות תשתיות מורכבות - יתרון.
•	ידע ב-LINUX כמשתמש מתקדם.
•	ידע בשפת תכנות מודרנית (Python וכד’).
•	יכולת למידה של פרוטוקולים ומוצרים מורכבים.
•	היכרות פרוטוקולי הזדהות: SAML2, OAUTH, LDAP – יתרון.
•	ידע ב-JAVA- יתרון.
•	ידע ב-PHP- יתרון.
•	ידע במערכת NetIQ IDM – יתרון.
•	ידיעת השפה העברית על בוריה ואנגלית טכנית ברמה טובה.
•	יחסי אנוש טובים, יוזמה ויכולת עבודה בצוות."
מנהלן/ית הוראה ותלמידים- הפקולטה למשפטים,האוניברסיטה העברית בירושלים,ירושלים,2026-05-04,2026-05-10,https://huji.hunterhrms.com/job-details/?jobcode=JB-4935,JB-4935,קמפוס הר הצופים,,onsite,"•	ריכוז וטיפול בפניות תלמידי בוגר ובכלל זה: סיוע ברישום לקורסים, מתן מידע על תכנית הלימודים, הנפקת אישורים לראיונות ולהתמחות ועוד.
•	קבלת קהל ומתן מידע לסטודנטים בנושאי הוראה ותלמידים.
•	טיפול והכנסת שאלוני בחינות למערכת מודל בחינות.
•	אישור ציוני קורסי בחירה וסמינרים במערכת האורביט, כולל ניהול בקשות להארכת זמן וטיפול בערעורים.
•	מעקב אחר התקדמות הסטודנטים בהתאם לדרישות התואר
•	ריכוז פניות ותמיכה במערכת האורביט מול גורמים אחרים במזכירויות החוגים של משפטים וקרימינולוגיה
•	עבודה משרדית שוטפת במזכירות תלמידים: מענה לפניות טלפוניות ופניות בדוא""ל ממרצים וסטודנטים והפקת דוחות נתונים.
•	סיוע בארגון טקסים ואירועים של הפקולטה.
•	מטלות נוספות בהתאם להוראות הממונים.","•	תואר אקדמי.
•	ניסיון בעבודה בנושאי הוראה ותלמידים - יתרון.
•	ניסיון בעבודה עם מערכות ממוחשבות של האוניברסיטה (אורביט ומודל) - יתרון.
•	שליטה מלאה ביישומי Office ואינטרנט, בפרט ב- Excel.
•	ידיעת השפה העברית על בוריה ואנגלית ברמה טובה.
•	יכולת עבודה בצוות, תודעת שירות גבוהה, כושר ארגון ועמידה בלוח זמנים.
היקף:  משרה מלאה"
"מנהלן/ית הוראה ותלמידים-ביה""ס לתלמידים מחו""ל ע""ש רוטברג",האוניברסיטה העברית בירושלים,ירושלים,2026-05-04,2026-05-10,https://huji.hunterhrms.com/job-details/?jobcode=JB-5031,JB-5031,"קמפוס  ע""ש אדמונד י.ספרא",,onsite,"•	אחריות על גיוס, רישום וטיפול בתהליכי קבלת סטודנטים לתוכניות מוסמך בינלאומיות.
•	ניהול קשר שוטף עם סטודנטים באמצעות ערוצים דיגיטליים ופרונטליים.
•	כתיבה ועריכה של תוכן שיווקי באנגלית עבור אתר היחידה וחומרי הפרסום.
•	תחזוקה, ניהול והרחבה של מועדון הבוגרים.
•	טיפול ועדכון בדפי ביחידה ברשתות החברתיות.
•	העברת ימי אוריינטציה והצגת התוכניות בימים פתוחים וירטואליים (באנגלית).
•	הפקה וניתוח דו""חות בנוגע לנתוני קבלת תלמידים.
•	משימות נוספות בהתאם להוראות הממונים.","•	תואר אקדמי.
•	ניסיון אדמיניסטרטיבי.
•	ניסיון בעבודה בתחום השיווק - יתרון.
•	שליטה מלאה ביישומי Office ואינטרנט.
•	ידיעת השפה העברית על בוריה ואנגלית ברמה טובה מאוד, כולל יכולת כתיבה ברמה גבוהה.
•	כושר ארגון, תודעת שירות גבוהה ויכולת לעבוד באופן עצמאי.
•	חשיבה יצירתית ואסטרטגית.
היקף:	משרה מלאה"
רכז/ת היחידה ללימודי שפות- הפקולטה למדעי הרוח,האוניברסיטה העברית בירושלים,ירושלים,2026-05-04,,https://huji.hunterhrms.com/job-details/?jobcode=JB-5003,JB-5003,קמפוס הר הצופים,,onsite,"ריכוז ותפעול כלל היבטי הפעילות של היחידה ללימודי שפות, בהתאם להנחיות ממונה אקדמי ומנהלי. התפקיד כולל:
•	מתן מענה שוטף לסטודנטים ולסגל היחידה (פרונטלי, טלפוני ובדוא""ל), ומתן מידע למתעניינים.
•	אחריות על רישום סטודנטים מכלל התארים לקורסי השפה, כולל תיאום מבדקי רמות ופטורים.
•	סיוע בבניית תוכנית הלימודים השנתית ושיבוץ הקורסים בתיאום עם הגורמים הרלוונטיים בפקולטה ובאוניברסיטה.
•	ניהול מערך הבחינות, פיקוח על הזנת ציונים וטיפול בערעורים.
•	ניהול מערך ספרי הלימוד (מול יבואנים), מעקב רכישות וחלוקה.
•	ארגון לוגיסטי של אירועים והשתלמויות יחידתיות.
•	אחריות על מתקני היחידה, מעקב ציוד, ניקיון ותחזוקה שוטפת של החדרים.
•	ביצוע מטלות נוספות בהתאם להנחיות הממונים.","•	תואר אקדמי.
•	ניסיון אדמיניסטרטיבי קודם.
•	שליטה מלאה ביישומי Office ואינטרנט.
•	היכרות עם מערכות המידע של האוניברסיטה – יתרון משמעותי.
•	ידיעת השפה העברית על בוריה ואנגלית ברמה טובה.
•	כושר ארגון, ניהול ותיעדוף משימות בסביבה מרובת משימות, יחסי אנוש מעולים, יכולת עבודה בצוות, דייקנות, יוזמה וגמישות.
•	ניסיון בסביבת עבודה רב-תרבותית – יתרון.
•	נכונות לעבודה בשעות נוספות במידת הצורך.
תקן:  37-39 בדרוג מח""ר.  המשרה כוללת רמת רכב א'.
היקף:  משרה מלאה."
עוזר/ת לראשת המדור להכשרה מקצועית ומעורבות חברתית- בית הספר לעבודה סוציאלית ולרווחה חברתית,האוניברסיטה העברית בירושלים,ירושלים,2026-05-04,,https://huji.hunterhrms.com/job-details/?jobcode=JB-5030,JB-5030,קמפוס הר הצופים,,onsite,"•	ריכוז התוכנית למעורבות החברתית ובכלל זה: תפעול מקצועי של התוכנית, גיוס מדריכים, הדרכה וליווי שוטף של המדריכים והמדריכות, ניהול קשר מול ארגונים חיצוניים וביצוע שיבוצי סטודנטים.
•	השתתפות בהובלה של תהליכים ארגוניים במדור.
•	ניהול יומן פגישות דינמי.
•	ריכוז והפקה של אירועי המדור וימי שיא.
•	ריכוז נתונים במערכות הממוחשבות, מעקב ובקרה אחר תהליכי הערכה ומשוב וניטור איכות ההדרכה.
•	עבודה שוטפת ותיאום מול רכזות המרכזים, מדריכים וגורמי פנים וחוץ באוניברסיטה.
•	מטלות נוספות בהתאם להוראות הממונים.","•	תואר אקדמי . תואר בעבודה סוציאלית- יתרון.
•	ניסיון קודם בעבודה אדמיניסטרטיבית.
•	ניסיון בהדרכה וליווי צוותים -יתרון.
•	ידיעת השפה העברית על בוריה ואנגלית ברמה טובה.
•	שליטה מלאה ביישומי Office , אינטרנט ויכולת למידה של מערכות חדשות.
•	יחסי אנוש מעולים, תודעת שירות גבוהה ויכולת עבודה בצוות.
•	יוזמה, דייקנות, אחריות אישית ויכולת הובלת תהליכים עצמאית.
היקף:	חצי משרה."
מנהל/ת היחידה לתשתיות מחקר- הרשות למחקר ופיתוח,האוניברסיטה העברית בירושלים,ירושלים,2026-05-04,,https://huji.hunterhrms.com/job-details/?jobcode=JB-5029,JB-5029,"קמפוס  ע""ש אדמונד י.ספרא",,onsite,"ניהול והובלה של היחידה המרכזית לתשתיות מחקר ובכלל זה:
•	מיפוי תשתיות מחקר קיימות אל מול מיפוי צרכים רוחביים של יחידות האוניברסיטה השונות.
•	גיבוש תכנית עבודה רב־שנתית לפיתוח תשתיות המחקר, זיהוי מגמות עתידיות והמלצות לפיתוחים חדשים.
•	הובלת פרויקטים לשדרוג והקמת תשתיות חדשות, בתיאום עם יחידות רכש, תקציבים ואב""ת.
•	הבטחת שימוש יעיל במשאבי יחידות התשתית והנגשתם לחוקרים וליחידות שונות.
•	ניהול תקציב ותכנון משאבים: הכנת תקציבי פיתוח ותפעול, איגום מקורות מימון, הטמעת מנגנוני תמחור ובקרה.
•	ניהול צוות, פיתוח מקצועי והכשרה.
•	תיאום ושיתוף פעולה עם גורמי פנים באוניברסיטה ועם משרדי ממשלה, קרנות וגופים חיצוניים לקידום השקעות בתשתיות מחקר.
•	ייזום ופיתוח שיתופי פעולה עם מוסדות בארץ ובעולם בתחומי תשתיות המחקר.
•	ייצוג האוניברסיטה בפורומים מקצועיים מול גופים ממשלתיים, רגולטוריים ואקדמיים בארץ ובחו""ל.
•	מטלות נוספות בהתאם להוראות הממונים.
כפיפות למנהלת הרשות למו""פ ולסגן הנשיא למו""פ.","•	תואר ראשון בכלכלה/ מנהל עסקים/ חשבונאות/ מדעים ניסויים או תחום רלוונטי אחר. תואר שני ומעלה – יתרון.
•	ניסיון מוכח בניהול תקציבים, בניית מודלים כלכליים ותמחור.
•	ניסיון בניהול תחום תשתיות מחקר/ מעבדות/ מרכזי שירות למחקר באקדמיה או בגוף ציבורי/ממשלתי- יתרון.
•	היכרות עם עולם המימון למחקר ותשתיות מחקר בארץ ובעולם – יתרון.
•	ניסיון בניהול צוות עובדים - יתרון.
•	שליטה מלאה ביישומי Office.
•	שליטה בשפות עברית ואנגלית ברמה טובה מאוד, בכתב ובעל פה.
•	כושר ניהול, יוזמה, ראייה מערכתית, יכולת עבודה מול גורמים בכירים בארץ ובחו""ל, תודעת שירות גבוהה ויחסי אנוש מצוינים.
היקף:	משרה מלאה"
מינהלן/ית הוראה ותלמידים- מכון איינשטיין למתמטיקה- הפקולטה למתמטיקה ולמדעי הטבע,האוניברסיטה העברית בירושלים,ירושלים,2026-05-04,,https://huji.hunterhrms.com/job-details/?jobcode=JB-4977,JB-4977,"קמפוס  ע""ש אדמונד י.ספרא",,onsite,"מתן שירות לסטודנטים, לסגל האקדמי ולסגל המנהלי בנושאי הוראה ותלמידים ובכלל זה:
•	מתן מידע , ייעוץ והכוונה למתעניינים ולסטודנטים בנושאים של תוכניות הלימוד של החוג, נהלי לימודים והפניית סטודנטים לגורמים מוסמכים.
•	קבלת קהל וטיפול בנושאים השוטפים של תלמידי החוג ושל תלמידי קורסי השירות: סיוע ברישום ללימודים ולקורסים, פתיחת הקצאות, טיפול בחריגים, טיפול בפטורים ובשיוכים, קבוצות לימוד וכד'.
•	ריכוז וטיפול נושא הבחינות בחוג הכולל תכנון והכנת לוח הבחינות בתיאום עם הגורמים הרלוונטיים.
•	אחריות על נושא הציונים כולל ריכוז הנושא, מעקב אחר דיווח הציונים, טיפול בבעיות וכד'.
•	טיפול בסגירת תארי מוסמך: תיאום מבחני מוסמך, מעקב אחר מבחנים, והתזה וסגירת התארים.
•	ריכוז וטיפול בסדנאות ההכנה למתקבלים: טיפול ברישום, הקצאות, תשלומים, ביטולים וכיו""ב.
•	טיפול בוועדות החוג: תיאום מועדי הוועדות, ריכוז עבודתן, טיפול בהחלטות הוועדות וכד'.
•	סיוע בארגון ימים פתוחים, ימי אוריינטציה וטקסי החוג.
•	מטלות נוספות בהתאם להוראות הממונים.","•	תואר אקדמי.
•	ניסיון בעבודה בנושאי הוראה ותלמידים - יתרון.
•	היכרות עם מערכות ממוחשבות בתחום מנהל תלמידים (אורביט ומודל)- יתרון.
•	שליטה מלאה ביישומי Office ואינטרנט ויכולת למידה של מערכות ממוחשבות.
•	ידיעת השפה העברית על בוריה ואנגלית ברמה טובה.
•	תודעת שירות גבוהה, יחסי אנוש מצוינים, יכולת עבודה עצמית ובצוות, כושר ארגון וסדר.
•	יכולת עמידה בתנאי לחץ ועומס עבודה.
•	נכונות לעבוד בשעות נוספות, על פי הצורך.
תקן:  37-39 בדירוג מח""ר.  המשרה כוללת 575 קילומטרים.
היקף: משרה מלאה (חצי תקני+חצי ארעי)."
ראש/ת צוות דיווח ובקרה-הרשות למחקר ופיתוח,האוניברסיטה העברית בירושלים,ירושלים,2026-05-04,2026-05-05,https://huji.hunterhrms.com/job-details/?jobcode=JB-4979,JB-4979,"קמפוס  ע""ש אדמונד י.ספרא",,onsite,"האוניברסיטה העברית בירושלים היא המוסד המוביל בישראל להשכלה גבוהה. האוניברסיטה חרטה על דגלה חזון של מצוינות בהוראה, מחקר ובהון האנושי.
הרשות למחקר ופיתוח באוניברסיטה העברית מחפשת ראש צוות דיווח ובקרה -  תפקיד מרכזי ובעל השפעה, הכולל אחריות על ניהול צוות, בקרת תהליכים פיננסיים והובלת שיפורים בעבודה מול חוקרים ומממנים בארץ ובחו""ל.
תיאור התפקיד:
•	ניהול צוות רכזי תקציב ודיווח: הובלה, הדרכה ופיקוח על ביצוע המשימות.
•	אחריות על הכנת ובקרת דוחות כספיים לתקציבי מחקר, תוך עמידה בדרישות המממנים.
•	אפיון ושיפור תהליכי עבודה.
•	קביעת נוהלי עבודה והנחיות לדיווח בהתאם לכללי המממנים ולנהלי האוניברסיטה.
•	ליווי ביקורות רו""ח ותיקון הליקויים הנדרשים וכן ייצוג הרשות למו""פ בנושאים פיננסיים מול הגורמים השונים.
•	עבודה עם חוקרים, עוזרי מנהל, חשבים ובעלי תפקידים שונים באוניברסיטה.
•	משימות נוספות בהתאם להנחיות הממונה ומנהל הרשות למו""פ.
כפיפות ישירה למנהל/ת היחידה הפיננסית","•	תואר אקדמי. תואר בחשבונאות/כלכלה ו/או תואר שני-יתרון.
•	ניסיון מעשי משמעותי בעבודה חשבונאית/הנה""ח/תקצוב ודיווח.
•	ניסיון קודם בניהול צוות עובדים.
•	שליטה ברמה גבוהה ביישומי Office בדגש על Excel.
•	ידיעת השפה העברית על בוריה ואנגלית ברמה טובה.
•	אחריות, כושר ארגון, יכולת עבודה בתנאי לחץ ותודעת שירות גבוהה.
•	זמינות לעבודה בשעות נוספות, לפי הצורך.
היקף:	משרה מלאה"
רכז/ת אחזקה ותפעול-הפקולטה לרפואת שיניים,האוניברסיטה העברית בירושלים,ירושלים,2026-05-04,2026-05-05,https://huji.hunterhrms.com/job-details/?jobcode=JB-4974,JB-4974,,,onsite,"•	תכלול נושאי האחזקה והתפעול של בניין רפואת שיניים, עבודה מול גופי הבינוי של האוניברסיטה, הדסה וספקים חיצוניים.
•	עדכון אינוונטר והכנת תקציב האחזקה של כלל הציוד הדנטלי המשמש להוראה ומעקב אחר ביצועו.
•	מעקב אחר קיום ביקורות ציוד תקופתיות בציוד הדנטלי המשמש להוראה ובמערכות הבניין לרבות על פי הנחיות בטיחות ורגולציה.
•	תמיכה בתפעול מערכות דנטליות מתקדמות כגון סימולטורים, מיקרוסקופים וכו'.
•	מענה לבעיות ותקלות במערכות שבשירות קליניקות ההוראה של הסטודנטים לרפואת שיניים.
•	סידור וארגון שטחים ציבוריים לקראת אירועים וימי עיון.
•	ביצוע עבודות אחזקה והתקנה קטנות במערכות הטכניות השונות בבניין.
•	תפעול ואחריות על מערכות בקרת המבנה והחיישנים השונים.
•	מטלות נוספות בהתאם להוראות הממונים.","•	טכנאי/ת או הנדסאי/ת במקצועות חשמל/ אלקטרוניקה/מיזוג אוויר /מכונות /בקרה או בניין הרשומים בפנקס ההנדסאים והטכנאים.
•	ניסיון מקצועי בפיקוח וביצוע עבודות בתחום בקרת מבנה, מערכות אלקטרומכניות, מיזוג אוויר ו/או חשמל.
•	ניסיון בניהול פרויקטים – יתרון.
•	ניסיון בעריכת מכרזים ומפרטים לקבלנים- יתרון.
•	ידיעת השפה העברית על בוריה ואנגלית טכנית ברמה טובה.
•	 יכולת עבודה בצוות ,יחסי אנוש טובים ותודעת שרות גבוהה.
•	יכולת למידה של נושאים חדשים, יוזמה ואחריות.
•	יכולת התמודדות עם מספר מטלות במקביל ועבודה במצבי לחץ.
•	עבודה בשעות נוספות, בהתאם לצורך.
היקף:	משרה מלאה"
רכז/ת אדמיניסטרטיבי/ת - האוניברסיטה העברית לנוער,האוניברסיטה העברית בירושלים,ירושלים,2026-05-04,,https://huji.hunterhrms.com/job-details/?jobcode=JB-5009,JB-5009,"קמפוס  ע""ש אדמונד י.ספרא",,onsite,"•	אחריות וטיפול בנושאים אדמיניסטרטיביים של האוניברסיטה לנוער ובכלל זה: ארגון ישיבות צוות, ניהול יומן, תיאום חדרים לישיבות/שיעורים, ניהול יומן האולמות וחדרי לימוד ותאום השימוש בכיתות בין התכניות השונות, אישורי כניסה וכו'.
•	אחריות לנושאי בינוי ותחזוקה שוטפת של מתחם ומבני האוניברסיטה העברית לנוער כולל ריכוז, ליווי וטיפול בנושאי בטיחות, בטחון ונגישות.
•	איסוף, ריכוז ועיבוד חומרים להכנת דוחות, סיוע בבניית מצגות וטבלאות להנהלת האוניברסיטה לנוער.
•	מתן מענה וקיום קשר באופן שוטף עם לקוחות האוניברסיטה לנוער (לקוחות מוסדיים, פרטיים, עמותות וקרנות).
•	עבודה מול גורמי פנים ביחידה ומול יחידות האוניברסיטה השונות.
•	סיוע בשיווק התכניות והפרסומים בערוצי התקשורת השונים, ריכוז ותכלול פעילות מיתוג וניראות היחידה באתר האינטרנט ובערוצי סושיאל מדיה.
•	סיוע בארגון כנסים, אירועים, ישיבות וטקסים.
•	סיוע בריכוז עבודת בית ברטר (מעונות אירוח לתלמידי תיכון).
•	עזרה לוגיסטית למנהלי התוכניות השונות תוך ניהול קשר שוטף איתם ומעקב אחר פעילותם.
•	קשר עם בתי ספר וקביעת ימי חשיפה ומפגשי היכרות.
•	משימות נוספות לפי צרכי היחידה ודרישת הממונה.","•	תואר אקדמי. תואר שני- יתרון.
•	ניסיון בעבודה אדמיניסטרטיבית.
•	ניסיון בריכוז וניהול פרויקטים.
•	שליטה ביישומי Office ואינטרנט. שליטה במדיה חברתית- יתרון.
•	היכרות עם המערכות האוניברסיטאיות- יתרון.
•	ידיעת השפה העברית על בוריה ואנגלית ברמה טובה.
•	תודעת שרות גבוהה, יחסי אנוש מעולים, יכולת עבודה בצוות ויכולת הובלת צוות.
•	נכונות לעבודה בשעות אחה""צ והערב, בהתאם לצורך.
היקף:	משרה מלאה."
עובד/ת מעבדה-המחלקה לאימונולוגיה וחקר הסרטן-הפק' לרפואה,האוניברסיטה העברית בירושלים,ירושלים,2026-05-04,2026-05-04,https://huji.hunterhrms.com/job-details/?jobcode=JB-5006,JB-5006,קמפוס עין כרם,,onsite,"עבודה במעבדת מחקר מובילה בתחום הווירולוגיה העוסקת בחקר וירוסים בעלי חשיבות לבריאות האדם, תוך התמקדות בהבנת יחסי הגומלין בין הווירוס לאדם ברמה האימונולוגית ובכלל זה:
•	הובלה והשתתפות בפרויקטים מחקריים, תיעוד וניתוח נתונים.
•	ניהול אדמיניסטרטיבי שוטף של המעבדה כולל: מעקב אחר מלאי, הזמנת חומרים ועבודה מול ספקים.
•	אחריות לתפעול ותחזוקה שוטפת של המכשירים במעבדה, כולל טיפול בתקלות.
•	הדרכה, סיוע ותמיכה מקצועית לחוקרים ולסטודנטים במעבדה.
•	אחריות ואכיפה של נהלי העבודה והבטיחות במעבדה.
•	מטלות נוספות בהתאם להוראות הממונים.","•	תואר שני במדעי החיים/ביולוגיה או תחומים מקבילים.
•	ניסיון בעבודת מעבדה.
•	ניסיון בעבודה עם ציוד מעבדה מתקדם - יתרון.
•	שליטה מלאה ביישומי Office ואינטרנט.
•	ידיעת השפה העברית על בוריה ואנגלית ברמה טובה מאוד.
•	סדר וארגון, דיוק, מסירות, יחסי אנוש טובים ויכולת עבודה בצוות.
•	נכונות לעבודה בשעות נוספות, בהתאם לצורך.
היקף:	משרה מלאה"
יועץ/ת בכיר/ה-המכינה האוניברסיטאית,האוניברסיטה העברית בירושלים,ירושלים,2026-05-04,2026-05-04,https://huji.hunterhrms.com/job-details/?jobcode=JB-5027,JB-5027,קמפוס הר הצופים,,onsite,"•	טיפול ברישום למכינה ובכלל זה מתן ייעוץ פרטני לכל המועמדים בנושאי קבלה, תמיכה טכנית וטיפול מנהלי בהחלטות קבלה/ דחייה.
•	הכוון מקצועי אישי והתאמה של מסלול הלימודים במכינה לכל תלמיד, בהתאם ליכולתו ושאיפותיו, ומתן מידע על מוסדות חינוך ומקצועות במכינה ומחוצה לה.
•	ליווי שוטף של תלמידי המכינה במהלך השנה תוך תיעוד וקשר עם המורים ומזכירות ההוראה;  מעקב אחר הישגים, נוכחות, הצלחות וקשיים, מתן ייעוץ חינוכי- אקדמי, ייעוץ בבחירת מקצוע, ייעוץ וטיפול בבעיות אישיות.
•	איתור וטיפול בתלמידים עם צרכים מיוחדים, תוך מתן ליווי פרטני וסיוע מותאם בנושאים כגון ניהול זמן, התמודדות עם חרדת בחינות ומיקוד נכון של משאבים במהלך המכינה.
•	ליווי ותמיכה בתלמידים המתמודדים עם רקע נפשי, מצבים רפואיים מאובחנים או מורכבויות משפחתיות, תוך מתן מענה רגיש, מותאם ואישי.
•	סיוע לבוגרי המכינה בתהליכי רישום וקבלה למוסדות אקדמיים תוך הכוונה אישית בבחירת החוג המתאים, קיום סדנאות הכנה לראיונות ומיונים שונים, כתיבת חוות דעת מקצועיות לוועדת חריגים ועוד.
•	קיום קשר עם מערכות ייעוץ ומידע חיצוניות (מינהל סטודנטים, שירותי הייעוץ הפסיכולוגי, היחידה ללקויות למידה וכדומה) לשם הכוונה ומתן שירותים נוספים לתלמיד.
•	קיום קשר שוטף עם הנהלת המכינה, רכזות המכינה ומוריה ותיווך בין הסגל ובין הסטודנטים ולהיפך.
•	השתתפות בוועדות הוראה וועדות פדגוגיות.
•	ייצוג המכינה בפני גורמי חוץ ומועמדים (כגון כנסי משתחררים, יוצאי החינוך החרדי וכו').
•	טיפול באוכלוסיות מיוחדות במכינה כגון: יוצאי החינוך החרדי, תוכניות ייחודיות למקצועות הבריאות (""אחותנו"", ""חלוצות"") ותלמידי ""קדם המכינה"" ועוד.
•	מטלות נוספות בהתאם להוראות הממונים.","•	תואר שני או לקראת סיום תואר שני בפסיכולוגיה חינוכית/תעסוקתית/קלינית/ ייעוץ חינוכי/עבודה סוציאלית קלינית.
•	תישקל מועמדותם של מועמדים עם תואר ראשון בתחומים הרלוונטיים, וניסיון רלוונטי של 5 שנים בתחום.
•	ניסיון קודם של שנתיים לפחות בייעוץ חינוכי/ ייעוץ קריירה.
•	ניסיון והיכרות עם מערכת ההשכלה הגבוהה בארץ ועם סטודנטים- יתרון.
•	שליטה מלאה ביישומי Office ואינטרנט.
•	ידיעת השפה העברית על בוריה ואנגלית ברמה טובה. שפות נוספות- יתרון.
•	כישורים בין אישיים גבוהים, סובלנות, חמלה ואמפטיה, יחסי אנוש מעולים, תודעת שירות גבוהה ויכולת עבודה בצוות.
•	יכולת עבודה תחת לחץ וריבוי משימות.
•	נכונות לעבודה בשעות נוספות , בהתאם לצורך.
היקף:	משרה מלאה"
סט-אפיסט/ית ומתכנת/ת CNC- מכון רקח לפיסיקה- בית המלאכה-טבע,האוניברסיטה העברית בירושלים,ירושלים,2026-05-04,2026-05-03,https://huji.hunterhrms.com/job-details/?jobcode=JB-5026,JB-5026,"קמפוס  ע""ש אדמונד י.ספרא",,onsite,"אחריות על מרכז העיבוד ותכנון מכני ובכלל זה:
•	תכנון ממוחשב של חלקים מכאניים ומערכות מורכבות.
•	הוצאת שרטוטים טכניים לייצור.
•	הובלת פרויקטים מתכנון לשלב ייצור.
•	בניית Set-Up לייצור במכונת CNC (HAAS)
•	הכרות עם מכונות CNC .
•	מטלות נוספות בהתאם להוראות הממונים.","•	תעודת מהנדס/הנדסאי. תעודה בתחום המכונות- יתרון. לחליפין תישקל מועמדותם של בוגרי קורסים בתחום CNC.
•	ניסיון של שנתיים לפחות בתכנות והפעלת CNC וכן בעבודה בממשקי תוכנות תכנון וייצור בעזרת מחשב (תיב""מ).
•	הכרות עם תוכנות  solidworks ו .solidCAM
•	ניסיון בעיבוד שבבי קונבנציונלי- יתרון.
•	ידיעת השפה העברית ברמה טובה מאד ואנגלית טכנית ברמה טובה.
•	שליטה מלאה ביישומי Office  ואינטרנט.
•	תודעת שירות גבוהה, יחסי אנוש טובים ויכולת עבודה בצוות.
היקף:	משרה מלאה"
רכז/ת גיוס- משאבי אנוש,האוניברסיטה העברית בירושלים,ירושלים,2026-05-04,,https://huji.hunterhrms.com/job-details/?jobcode=JB-4963,JB-4963,קמפוס הר הצופים,,onsite,"ניהול תהליך גיוס מקצה לקצה לגיוס עובדים מנהליים במגוון רחב של תחומים ליחידות האוניברסיטה השונות:
•	איפיון משרות וניסוח תיאורי ודרישות תפקיד.
•	פרסום המשרות באתר האוניברסיטה, אתרי דרושים, רשתות חברתיות עם דגש על LinkedIn, כולל סורסינג.
•	הגדלת מקורות הגיוס כולל איתור קבוצות ב- Facebook וב- WhatsApp והצטרפות אליהן.
•	מיון קורות חיים, ביצוע ראיונות טלפוניים ופרונטליים וראיונות ממליצים.
•	תאום והכנת וועדות בחירה והשתתפות בהן.
•	העברת סימולציות שכר/ חוזים למועמדים שהתקבלו.
•	טיפול בסגירת משרות והוצאת מכתבי קבלה ודחייה.
•	מתן מידע למתעניינים על משרות פנויות באוניברסיטה.
•	עבודה שוטפת מול מנהלי יחידות ומנהלי כ""א באוניברסיטה.
•	השתתפות בפרויקטים כגון חבר מביא חבר, מיתוג מעסיק ועוד.
•	משימות נוספות בהתאם לדרישות הממונה.","•	תואר אקדמי. תואר בפסיכולוגיה/מדעי ההתנהגות- יתרון.
•	ניסיון בעבודה כרכז/ת גיוס ובביצוע ראיונות עומק.
•	ניסיון בגיוס ברשתות חברתיות וסורסינג.
•	ידיעת השפה העברית על בוריה ואנגלית ברמה טובה.
•	אדם של אנשים, בעל/ת יכולת אבחונית מעולה, יוזמה, יכולת עבודה בצוות, תודעת שירות גבוהה ודיסקרטיות.
•	כושר ביטוי מעולה בכתב ובעל פה, יכולת למידה מהירה ויכולת עבודה בריבוי משימות תוך עמידה בלוחות זמנים.
היקף: משרה מלאה"
