title,company,location,date,url,department,workplace_type,level,source
מדריכים לתכניות אלפא ואידאה של האוניברסיטה העברית לנוער,HUJI Career,ירושלים,2026-04-27,https://hujicareer.co.il/jobs/%d7%9e%d7%93%d7%a8%d7%99%d7%9b%d7%99%d7%9d-%d7%9c%d7%aa%d7%9b%d7%a0%d7%99%d7%95%d7%aa-%d7%90%d7%9c%d7%a4%d7%90-%d7%95%d7%90%d7%99%d7%93%d7%90%d7%94-%d7%a9%d7%9c-%d7%94%d7%90%d7%95%d7%a0%d7%99%d7%91/,,onsite,junior,huji
משרות סטודנט/ית חדשות במשרד הבריאות,HUJI Career,ירושלים,2026-04-27,https://hujicareer.co.il/jobs/%d7%9e%d7%a9%d7%a8%d7%95%d7%aa-%d7%a1%d7%98%d7%95%d7%93%d7%a0%d7%98-%d7%99%d7%aa-%d7%97%d7%93%d7%a9%d7%95%d7%aa-%d7%91%d7%9e%d7%a9%d7%a8%d7%93-%d7%94%d7%91%d7%a8%d7%99%d7%90%d7%95%d7%aa/,,onsite,junior,huji
למרכז הרפואי שמיר דרוש/ה עובד/ת אספקה סטרילית,111111,,2026-04-27,https://hujicareer.co.il/jobs/%d7%9c%d7%9e%d7%a8%d7%9b%d7%96-%d7%94%d7%a8%d7%a4%d7%95%d7%90%d7%99-%d7%a9%d7%9e%d7%99%d7%a8-%d7%93%d7%a8%d7%95%d7%a9-%d7%94-%d7%a2%d7%95%d7%91%d7%93-%d7%aa-%d7%90%d7%a1%d7%a4%d7%a7%d7%94-%d7%a1%d7%98/,,onsite,junior,huji
סטודנט/ית לאגף רכש נכסים ולוגיסטיקה במשרד הפנים בירושלים,משרד הפנים לוגו,ירושלים,2026-04-27,https://hujicareer.co.il/jobs/%d7%a1%d7%98%d7%95%d7%93%d7%a0%d7%98-%d7%99%d7%aa-%d7%9c%d7%90%d7%92%d7%a3-%d7%a8%d7%9b%d7%a9-%d7%a0%d7%9b%d7%a1%d7%99%d7%9d-%d7%95%d7%9c%d7%95%d7%92%d7%99%d7%a1%d7%98%d7%99%d7%a7%d7%94-%d7%91%d7%9e/,,onsite,junior,huji
משרות בתחום הנדסה כימית בחברת אדמה אגן,ADAMA,,2026-04-27,https://hujicareer.co.il/jobs/%d7%9e%d7%a9%d7%a8%d7%95%d7%aa-%d7%91%d7%aa%d7%97%d7%95%d7%9d-%d7%94%d7%a0%d7%93%d7%a1%d7%94-%d7%9b%d7%99%d7%9e%d7%99%d7%aa-%d7%91%d7%97%d7%91%d7%a8%d7%aa-%d7%90%d7%93%d7%9e%d7%94-%d7%90%d7%92%d7%9f/,,onsite,junior,huji
מבקר/ת חשבונאי/ת – רשות ניירות ערך | תל אביב,Logo_israel_securities_authority,תל אביב,2026-04-27,https://hujicareer.co.il/jobs/%d7%9e%d7%91%d7%a7%d7%a8-%d7%aa-%d7%97%d7%a9%d7%91%d7%95%d7%a0%d7%90%d7%99-%d7%aa-%d7%a8%d7%a9%d7%95%d7%aa-%d7%a0%d7%99%d7%99%d7%a8%d7%95%d7%aa-%d7%a2%d7%a8%d7%9a-%d7%aa%d7%9c-%d7%90%d7%91/,,onsite,junior,huji
דרושים/ות עוזרי/ות מחקר למעבדה לחשיבה יצירתית,HUJI Career,ירושלים,2026-04-27,https://hujicareer.co.il/jobs/%d7%93%d7%a8%d7%95%d7%a9%d7%99%d7%9d-%d7%95%d7%aa-%d7%a2%d7%95%d7%96%d7%a8%d7%99-%d7%95%d7%aa-%d7%9e%d7%97%d7%a7%d7%a8-%d7%9c%d7%9e%d7%a2%d7%91%d7%93%d7%94-%d7%9c%d7%97%d7%a9%d7%99%d7%91%d7%94-%d7%99/,,onsite,junior,huji
Quality Engineer,images (1),ירושלים,2026-04-27,https://hujicareer.co.il/jobs/quality-engineer/,,onsite,junior,huji
Project Manager - מנהל/ת פרוייקטים,images (1),ירושלים,2026-04-27,https://hujicareer.co.il/jobs/project-manager-%d7%9e%d7%a0%d7%94%d7%9c-%d7%aa-%d7%a4%d7%a8%d7%95%d7%99%d7%99%d7%a7%d7%98%d7%99%d7%9d/,,onsite,junior,huji
Optical Designer,images (1),ירושלים,2026-04-27,https://hujicareer.co.il/jobs/optical-designer/,,onsite,junior,huji
Optics Assembler / מרכיב/ה אופטומכני/ת,images (1),ירושלים,2026-04-27,https://hujicareer.co.il/jobs/optics-assembler-%d7%9e%d7%a8%d7%9b%d7%99%d7%91-%d7%94-%d7%90%d7%95%d7%a4%d7%98%d7%95%d7%9e%d7%9b%d7%a0%d7%99-%d7%aa/,,onsite,junior,huji
מבקר/ת איכות / Quality Inspector,images (1),ירושלים,2026-04-27,https://hujicareer.co.il/jobs/%d7%9e%d7%91%d7%a7%d7%a8-%d7%aa-%d7%90%d7%99%d7%9b%d7%95%d7%aa-quality-inspector-2/,,onsite,junior,huji
Production Planner Student,images (1),ירושלים,2026-04-27,https://hujicareer.co.il/jobs/production-planner-student-2/,,onsite,junior,huji
Thin film Coating Engineer / מהנדס.ת תהליך ציפויים,images (1),ירושלים,2026-04-27,https://hujicareer.co.il/jobs/thin-film-coating-engineer-%d7%9e%d7%94%d7%a0%d7%93%d7%a1-%d7%aa-%d7%aa%d7%94%d7%9c%d7%99%d7%9a-%d7%a6%d7%99%d7%a4%d7%95%d7%99%d7%99%d7%9d-2/,,onsite,junior,huji
טכנאי/ת ייצור CNC,images (1),ירושלים,2026-04-27,https://hujicareer.co.il/jobs/%d7%98%d7%9b%d7%a0%d7%90%d7%99-%d7%aa-%d7%99%d7%99%d7%a6%d7%95%d7%a8-cnc/,,onsite,junior,huji
IT Desktop Technician,images (1),ירושלים,2026-04-27,https://hujicareer.co.il/jobs/it-desktop-technician-2/,,onsite,junior,huji
רכז/ת אחזקה ותפעול - הפקולטה לרפואת שיניים,HUJI Career,ירושלים,2026-04-27,https://hujicareer.co.il/jobs/%d7%a8%d7%9b%d7%96-%d7%aa-%d7%90%d7%97%d7%96%d7%a7%d7%94-%d7%95%d7%aa%d7%a4%d7%a2%d7%95%d7%9c-%d7%94%d7%a4%d7%a7%d7%95%d7%9c%d7%98%d7%94-%d7%9c%d7%a8%d7%a4%d7%95%d7%90%d7%aa-%d7%a9%d7%99%d7%a0%d7%99/,,onsite,junior,huji
ראש/ת צוות דיווח ובקרה - הרשות למחקר ופיתוח,HUJI Career,ירושלים,2026-04-27,https://hujicareer.co.il/jobs/%d7%a8%d7%90%d7%a9-%d7%aa-%d7%a6%d7%95%d7%95%d7%aa-%d7%93%d7%99%d7%95%d7%95%d7%97-%d7%95%d7%91%d7%a7%d7%a8%d7%94-%d7%94%d7%a8%d7%a9%d7%95%d7%aa-%d7%9c%d7%9e%d7%97%d7%a7%d7%a8-%d7%95%d7%a4%d7%99-3/,,onsite,junior,huji
לאקווריום ישראל דרושים מדריכים,HUJI Career,ירושלים,2026-04-23,https://hujicareer.co.il/jobs/%d7%9c%d7%90%d7%a7%d7%95%d7%95%d7%a8%d7%99%d7%95%d7%9d-%d7%99%d7%a9%d7%a8%d7%90%d7%9c-%d7%93%d7%a8%d7%95%d7%a9%d7%99%d7%9d-%d7%9e%d7%93%d7%a8%d7%99%d7%9b%d7%99%d7%9d/,,onsite,junior,huji
"דרוש/ה סטודנט/ית (ספורט נשים וספורט עממי) למינהל הספורט, ירושלים",HUJI Career,ירושלים,2026-04-23,https://hujicareer.co.il/jobs/%d7%93%d7%a8%d7%95%d7%a9-%d7%94-%d7%a1%d7%98%d7%95%d7%93%d7%a0%d7%98-%d7%99%d7%aa-%d7%a1%d7%a4%d7%95%d7%a8%d7%98-%d7%a0%d7%a9%d7%99%d7%9d-%d7%95%d7%a1%d7%a4%d7%95%d7%a8%d7%98-%d7%a2%d7%9e%d7%9e%d7%99/,,onsite,junior,huji
דרוש/ה עובד/ת סוציאלי/ת לאגף שיקום נכים במשרד הביטחון מחוז ירושלים,לוגו משרד הביטחון,ירושלים,2026-04-23,https://hujicareer.co.il/jobs/%d7%93%d7%a8%d7%95%d7%a9-%d7%94-%d7%a2%d7%95%d7%91%d7%93-%d7%aa-%d7%a1%d7%95%d7%a6%d7%99%d7%90%d7%9c%d7%99-%d7%aa-%d7%9c%d7%90%d7%92%d7%a3-%d7%a9%d7%99%d7%a7%d7%95%d7%9d-%d7%a0%d7%9b%d7%99%d7%9d/,,onsite,junior,huji
משרת סטודנט/ית מחלקת השקעות ברשות לניירות ערך,Logo_israel_securities_authority,תל אביב,2026-04-23,https://hujicareer.co.il/jobs/%d7%9e%d7%a9%d7%a8%d7%aa-%d7%a1%d7%98%d7%95%d7%93%d7%a0%d7%98-%d7%99%d7%aa-%d7%9e%d7%97%d7%9c%d7%a7%d7%aa-%d7%94%d7%a9%d7%a7%d7%a2%d7%95%d7%aa-%d7%91%d7%a8%d7%a9%d7%95%d7%aa-%d7%9c%d7%a0%d7%99%d7%99/,,onsite,junior,huji
Program and Operations Associate – Task Force on Arab Citizens of Israel,HUJI Career,מהבית,2026-04-23,https://hujicareer.co.il/jobs/program-and-operations-associate-task-force-on-arab-citizens-of-israel/,,remote,junior,huji
עוזר/ת למנהל/ת רשות - .B. Sc./M. Sc במדעי הטבע,c3,ירושלים,2026-04-23,https://hujicareer.co.il/jobs/%d7%a2%d7%95%d7%96%d7%a8-%d7%aa-%d7%9c%d7%9e%d7%a0%d7%94%d7%9c-%d7%aa-%d7%a8%d7%a9%d7%95%d7%aa-b-sc-m-sc-%d7%91%d7%9e%d7%93%d7%a2%d7%99-%d7%94%d7%98%d7%91%d7%a2/,,onsite,junior,huji
"מנהל/ת תחום חינוך ברשות לבטיחות בדרכים - משרה זמנית החלפה בחל""ד",download,ירושלים,2026-04-23,https://hujicareer.co.il/jobs/%d7%9e%d7%a0%d7%94%d7%9c-%d7%aa-%d7%aa%d7%97%d7%95%d7%9d-%d7%97%d7%99%d7%a0%d7%95%d7%9a-%d7%91%d7%a8%d7%a9%d7%95%d7%aa-%d7%9c%d7%91%d7%98%d7%99%d7%97%d7%95%d7%aa-%d7%91%d7%93%d7%a8%d7%9b%d7%99%d7%9d/,,onsite,junior,huji
"מנהל/ת תחום משאבי אנוש ברשות לבטיחות בדרכים - משרה זמנית החלפה בחל""ד",הרשות_הלאומית_לבטיחות_בדרכים,ירושלים,2026-04-23,https://hujicareer.co.il/jobs/%d7%9e%d7%a0%d7%94%d7%9c-%d7%aa-%d7%aa%d7%97%d7%95%d7%9d-%d7%9e%d7%a9%d7%90%d7%91%d7%99-%d7%90%d7%a0%d7%95%d7%a9-%d7%91%d7%a8%d7%a9%d7%95%d7%aa-%d7%9c%d7%91%d7%98%d7%99%d7%97%d7%95%d7%aa-%d7%91%d7%93/,,onsite,junior,huji
רכז/ת אדמיניסטרטיבי/ת - האוניברסיטה העברית לנוער,HUJI Career,ירושלים,2026-04-23,https://hujicareer.co.il/jobs/%d7%a8%d7%9b%d7%96-%d7%aa-%d7%90%d7%93%d7%9e%d7%99%d7%a0%d7%99%d7%a1%d7%98%d7%a8%d7%98%d7%99%d7%91%d7%99-%d7%aa-%d7%94%d7%90%d7%95%d7%a0%d7%99%d7%91%d7%a8%d7%a1%d7%99%d7%98%d7%94-%d7%94%d7%a2%d7%91-2/,,onsite,junior,huji
עובד/ת מעבדה - המחלקה לאימונולוגיה,HUJI Career,ירושלים,2026-04-23,https://hujicareer.co.il/jobs/%d7%a2%d7%95%d7%91%d7%93-%d7%aa-%d7%9e%d7%a2%d7%91%d7%93%d7%94-%d7%94%d7%9e%d7%97%d7%9c%d7%a7%d7%94-%d7%9c%d7%90%d7%99%d7%9e%d7%95%d7%a0%d7%95%d7%9c%d7%95%d7%92%d7%99%d7%94/,,onsite,junior,huji
יועץ/ת בכיר/ה - המכינה האוניברסיטאית,HUJI Career,ירושלים,2026-04-23,https://hujicareer.co.il/jobs/%d7%99%d7%95%d7%a2%d7%a5-%d7%aa-%d7%91%d7%9b%d7%99%d7%a8-%d7%94-%d7%94%d7%9e%d7%9b%d7%99%d7%a0%d7%94-%d7%94%d7%90%d7%95%d7%a0%d7%99%d7%91%d7%a8%d7%a1%d7%99%d7%98%d7%90%d7%99%d7%aa/,,onsite,junior,huji
מרכז/ת בכיר/ה לאגף המדיניות ברשות להתחדשות עירונית,הרשות-להתחדשות,ירושלים,2026-04-23,https://hujicareer.co.il/jobs/%d7%9e%d7%a8%d7%9b%d7%96-%d7%aa-%d7%91%d7%9b%d7%99%d7%a8-%d7%94-%d7%9c%d7%90%d7%92%d7%a3-%d7%94%d7%9e%d7%93%d7%99%d7%a0%d7%99%d7%95%d7%aa-%d7%91%d7%a8%d7%a9%d7%95%d7%aa-%d7%9c%d7%94%d7%aa%d7%97%d7%93/,,onsite,junior,huji
סט-אפיסט/ית ומתכנת/ת CNC - מכון רקח לפיסיקה,HUJI Career,ירושלים,2026-04-23,https://hujicareer.co.il/jobs/%d7%a1%d7%98-%d7%90%d7%a4%d7%99%d7%a1%d7%98-%d7%99%d7%aa-%d7%95%d7%9e%d7%aa%d7%9b%d7%a0%d7%aa-%d7%aa-cnc-%d7%9e%d7%9b%d7%95%d7%9f-%d7%a8%d7%a7%d7%97-%d7%9c%d7%a4%d7%99%d7%a1%d7%99%d7%a7%d7%94/,,onsite,junior,huji
עוזר/ת לענייני הוראה - בית הספר לריפוי בעיסוק,HUJI Career,ירושלים,2026-04-23,https://hujicareer.co.il/jobs/%d7%a2%d7%95%d7%96%d7%a8-%d7%aa-%d7%9c%d7%a2%d7%a0%d7%99%d7%99%d7%a0%d7%99-%d7%94%d7%95%d7%a8%d7%90%d7%94-%d7%91%d7%99%d7%aa-%d7%94%d7%a1%d7%a4%d7%a8-%d7%9c%d7%a8%d7%99%d7%a4%d7%95%d7%99-%d7%91/,,onsite,junior,huji
אחים ואחיות לשירותי בריאות התלמיד ירושלים והסביבה,c3,ירושלים,2026-04-23,https://hujicareer.co.il/jobs/%d7%90%d7%97%d7%99%d7%9d-%d7%95%d7%90%d7%97%d7%99%d7%95%d7%aa-%d7%9c%d7%a9%d7%99%d7%a8%d7%95%d7%aa%d7%99-%d7%91%d7%a8%d7%99%d7%90%d7%95%d7%aa-%d7%94%d7%aa%d7%9c%d7%9e%d7%99%d7%93-%d7%99%d7%a8%d7%95/,,onsite,junior,huji
Student Marketing Representative - HUJI International Info Center,HUJI Career,ירושלים,2026-04-23,https://hujicareer.co.il/jobs/student-marketing-representative-huji-international-info-center/,,onsite,junior,huji
דרוש.ה עוזר.ת לרכז היחידה לשירותי הוראה - מדעי החברה,HUJI Career,ירושלים,2026-04-19,https://hujicareer.co.il/jobs/%d7%93%d7%a8%d7%95%d7%a9-%d7%94-%d7%a2%d7%95%d7%96%d7%a8-%d7%aa-%d7%9c%d7%a8%d7%9b%d7%96-%d7%94%d7%99%d7%97%d7%99%d7%93%d7%94-%d7%9c%d7%a9%d7%99%d7%a8%d7%95%d7%aa%d7%99-%d7%94%d7%95%d7%a8%d7%90%d7%94/,,onsite,junior,huji
משרת סטודנט/ית במשרד הביטחון,לוגו משרד הביטחון,פתח תקווה,2026-04-19,https://hujicareer.co.il/jobs/%d7%9e%d7%a9%d7%a8%d7%aa-%d7%a1%d7%98%d7%95%d7%93%d7%a0%d7%98-%d7%99%d7%aa-%d7%91%d7%9e%d7%a9%d7%a8%d7%93-%d7%94%d7%91%d7%99%d7%98%d7%97%d7%95%d7%9f/,,onsite,junior,huji
משרת מתמחה - ייעוץ למדיניות ציבורית ותקשורת,images (5),תל אביב,2026-04-19,https://hujicareer.co.il/jobs/%d7%9e%d7%a9%d7%a8%d7%aa-%d7%9e%d7%aa%d7%9e%d7%97%d7%94-%d7%99%d7%99%d7%a2%d7%95%d7%a5-%d7%9c%d7%9e%d7%93%d7%99%d7%a0%d7%99%d7%95%d7%aa-%d7%a6%d7%99%d7%91%d7%95%d7%a8%d7%99%d7%aa-%d7%95%d7%aa%d7%a7/,,onsite,junior,huji
משרות פתוחות בלוריאל ישראל,לוגו לוריאל,נתניה,2026-04-19,https://hujicareer.co.il/jobs/%d7%9e%d7%a9%d7%a8%d7%95%d7%aa-%d7%a4%d7%aa%d7%95%d7%97%d7%95%d7%aa-%d7%91%d7%9c%d7%95%d7%a8%d7%99%d7%90%d7%9c-%d7%99%d7%a9%d7%a8%d7%90%d7%9c/,,onsite,junior,huji
עובד/ת מעבדה - מכון רקח לפיסיקה,HUJI Career,ירושלים,2026-04-19,https://hujicareer.co.il/jobs/%d7%a2%d7%95%d7%91%d7%93-%d7%aa-%d7%9e%d7%a2%d7%91%d7%93%d7%94-%d7%9e%d7%9b%d7%95%d7%9f-%d7%a8%d7%a7%d7%97-%d7%9c%d7%a4%d7%99%d7%a1%d7%99%d7%a7%d7%94/,,onsite,junior,huji
עוזר/ת לענייני הוראה בפקולטה למשפטים - המכון לקרימינולוגיה,HUJI Career,ירושלים,2026-04-19,https://hujicareer.co.il/jobs/%d7%a2%d7%95%d7%96%d7%a8-%d7%aa-%d7%9c%d7%a2%d7%a0%d7%99%d7%99%d7%a0%d7%99-%d7%94%d7%95%d7%a8%d7%90%d7%94-%d7%91%d7%a4%d7%a7%d7%95%d7%9c%d7%98%d7%94-%d7%9c%d7%9e%d7%a9%d7%a4%d7%98%d7%99%d7%9d-%d7%94/,,onsite,junior,huji
דרוש/ה סטודנט/ית לאגף הדוברות במשרד לביטחון לאומי,המשרד_לביטחון_לאומי,ירושלים,2026-04-19,https://hujicareer.co.il/jobs/%d7%93%d7%a8%d7%95%d7%a9-%d7%94-%d7%a1%d7%98%d7%95%d7%93%d7%a0%d7%98-%d7%99%d7%aa-%d7%9c%d7%90%d7%92%d7%a3-%d7%94%d7%93%d7%95%d7%91%d7%a8%d7%95%d7%aa-%d7%91%d7%9e%d7%a9%d7%a8%d7%93-%d7%9c%d7%91%d7%99/,,onsite,junior,huji
עוזר/ת בכיר/ה לפיתוח אקדמי - המינהל האקדמי,HUJI Career,ירושלים,2026-04-19,https://hujicareer.co.il/jobs/%d7%a2%d7%95%d7%96%d7%a8-%d7%aa-%d7%91%d7%9b%d7%99%d7%a8-%d7%94-%d7%9c%d7%a4%d7%99%d7%aa%d7%95%d7%97-%d7%90%d7%a7%d7%93%d7%9e%d7%99-%d7%94%d7%9e%d7%99%d7%a0%d7%94%d7%9c-%d7%94%d7%90%d7%a7%d7%93/,,onsite,junior,huji
"משרות סטודנט גמישות במשרד עו""ד",c3,תל אביב,2026-04-19,https://hujicareer.co.il/jobs/%d7%9e%d7%a9%d7%a8%d7%95%d7%aa-%d7%a1%d7%98%d7%95%d7%93%d7%a0%d7%98-%d7%92%d7%9e%d7%99%d7%a9%d7%95%d7%aa-%d7%91%d7%9e%d7%a9%d7%a8%d7%93-%d7%a2%d7%95%d7%93/,,onsite,junior,huji
ספרן/ית - ספריית משפטים באוניברסיטה העברית,HUJI Career,ירושלים,2026-04-19,https://hujicareer.co.il/jobs/%d7%a1%d7%a4%d7%a8%d7%9f-%d7%99%d7%aa-%d7%a1%d7%a4%d7%a8%d7%99%d7%99%d7%aa-%d7%9e%d7%a9%d7%a4%d7%98%d7%99%d7%9d-%d7%91%d7%90%d7%95%d7%a0%d7%99%d7%91%d7%a8%d7%a1%d7%99%d7%98%d7%94-%d7%94%d7%a2%d7%91/,,onsite,junior,huji
"דרוש/ה רפרנט/ית פיקוח, נתונים ומידע ברשות ניירות ערך",Logo_israel_securities_authority,תל אביב,2026-04-19,https://hujicareer.co.il/jobs/%d7%93%d7%a8%d7%95%d7%a9-%d7%94-%d7%a8%d7%a4%d7%a8%d7%a0%d7%98-%d7%99%d7%aa-%d7%a4%d7%99%d7%a7%d7%95%d7%97-%d7%a0%d7%aa%d7%95%d7%a0%d7%99%d7%9d-%d7%95%d7%9e%d7%99%d7%93%d7%a2-%d7%91%d7%a8%d7%a9%d7%95/,,onsite,junior,huji
לארכיון הציוני המרכזי דרוש.ה ארכיונאי.ת למדור תצלומים,__לוגו-מעודכן-2022-ארכיון,ירושלים,2026-04-19,https://hujicareer.co.il/jobs/%d7%9c%d7%90%d7%a8%d7%9b%d7%99%d7%95%d7%9f-%d7%94%d7%a6%d7%99%d7%95%d7%a0%d7%99-%d7%94%d7%9e%d7%a8%d7%9b%d7%96%d7%99-%d7%93%d7%a8%d7%95%d7%a9-%d7%94-%d7%90%d7%a8%d7%9b%d7%99%d7%95%d7%a0%d7%90%d7%99/,,onsite,junior,huji
דרוש/ה סטודנט/ת לתחום המשפטים לאגף הביטחון במשרד הביטחון,לוגו משרד הביטחון,,2026-04-19,https://hujicareer.co.il/jobs/%d7%93%d7%a8%d7%95%d7%a9-%d7%94-%d7%a1%d7%98%d7%95%d7%93%d7%a0%d7%98-%d7%aa-%d7%9c%d7%aa%d7%97%d7%95%d7%9d-%d7%94%d7%9e%d7%a9%d7%a4%d7%98%d7%99%d7%9d-%d7%9c%d7%90%d7%92%d7%a3-%d7%94%d7%91%d7%99%d7%98/,,onsite,junior,huji
"דרוש/ה יושב/ת ראש ועדת ערר במחוזות חיפה, תל אביב והצפון",משרד הפנים לוגו,תל אביב,2026-04-19,https://hujicareer.co.il/jobs/%d7%93%d7%a8%d7%95%d7%a9-%d7%94-%d7%99%d7%95%d7%a9%d7%91-%d7%aa-%d7%a8%d7%90%d7%a9-%d7%95%d7%a2%d7%93%d7%aa-%d7%a2%d7%a8%d7%a8-%d7%91%d7%9e%d7%97%d7%95%d7%96%d7%95%d7%aa-%d7%97%d7%99%d7%a4%d7%94/,,onsite,junior,huji
משרות זמניות באגף שיקום במשרד הביטחון,לוגו משרד הביטחון,רחובות,2026-04-19,https://hujicareer.co.il/jobs/%d7%9e%d7%a9%d7%a8%d7%95%d7%aa-%d7%96%d7%9e%d7%a0%d7%99%d7%95%d7%aa-%d7%91%d7%90%d7%92%d7%a3-%d7%a9%d7%99%d7%a7%d7%95%d7%9d-%d7%91%d7%9e%d7%a9%d7%a8%d7%93-%d7%94%d7%91%d7%99%d7%98%d7%97%d7%95%d7%9f/,,onsite,junior,huji
דרושים מדריכים לתוכניות נוער שוחר מדע!,HUJI Career,ירושלים,2026-04-19,https://hujicareer.co.il/jobs/%d7%93%d7%a8%d7%95%d7%a9%d7%99%d7%9d-%d7%9e%d7%93%d7%a8%d7%99%d7%9b%d7%99%d7%9d-%d7%9c%d7%aa%d7%95%d7%9b%d7%a0%d7%99%d7%95%d7%aa-%d7%a0%d7%95%d7%a2%d7%a8-%d7%a9%d7%95%d7%97%d7%a8-%d7%9e%d7%93%d7%a2/,,onsite,junior,huji
מנתח/ת מערכות – יחידת מע' ניירות ערך ותשתיות BO,tasa,תל אביב,2026-04-19,https://hujicareer.co.il/jobs/%d7%9e%d7%a0%d7%aa%d7%97-%d7%aa-%d7%9e%d7%a2%d7%a8%d7%9b%d7%95%d7%aa-%d7%99%d7%97%d7%99%d7%93%d7%aa-%d7%9e%d7%a2-%d7%a0%d7%99%d7%99%d7%a8%d7%95%d7%aa-%d7%a2%d7%a8%d7%9a-%d7%95%d7%aa%d7%a9/,,onsite,junior,huji
מעצב/ת מושן למשרה זמנית לחטיבת הדיגיטל - כאן 11,LOGO 10,,2026-04-19,https://hujicareer.co.il/jobs/%d7%9e%d7%a2%d7%a6%d7%91-%d7%aa-%d7%9e%d7%95%d7%a9%d7%9f-%d7%9c%d7%9e%d7%a9%d7%a8%d7%94-%d7%96%d7%9e%d7%a0%d7%99%d7%aa-%d7%9c%d7%97%d7%98%d7%99%d7%91%d7%aa-%d7%94%d7%93%d7%99%d7%92%d7%99%d7%98%d7%9c-2/,,onsite,junior,huji
לחברה מובילה בתחומה מענף הנדל״ן דרוש/ה מנהל/ת פיתוח עסקי,c3,תל אביב,2026-04-19,https://hujicareer.co.il/jobs/%d7%93%d7%a8%d7%95%d7%a9-%d7%9e%d7%a0%d7%94%d7%9c-%d7%aa-%d7%a4%d7%99%d7%aa%d7%95%d7%97-%d7%a2%d7%a1%d7%a7%d7%99-%d7%9c%d7%9e%d7%a9%d7%a8%d7%93-%d7%9e%d7%95%d7%91%d7%99%d7%9c-%d7%9e%d7%aa%d7%97%d7%95/,,onsite,junior,huji
משרות פנויות במרכז האקדמי הרב תחומי ירושלים,לוגו-המרכז-הרב-תחומי-02,ירושלים,2026-04-19,https://hujicareer.co.il/jobs/%d7%9e%d7%a9%d7%a8%d7%95%d7%aa-%d7%a4%d7%a0%d7%95%d7%99%d7%95%d7%aa-%d7%91%d7%9e%d7%a8%d7%9b%d7%96-%d7%94%d7%90%d7%a7%d7%93%d7%9e%d7%99-%d7%94%d7%a8%d7%91-%d7%aa%d7%97%d7%95%d7%9e%d7%99-%d7%99%d7%a8/,,onsite,junior,huji
דרושים סטודנטים למחלקת שיווק במרכז האקדמי הרב תחומי,לוגו-המרכז-הרב-תחומי-02,ירושלים,2026-04-19,https://hujicareer.co.il/jobs/%d7%93%d7%a8%d7%95%d7%a9%d7%99%d7%9d-%d7%a1%d7%98%d7%95%d7%93%d7%a0%d7%98%d7%99%d7%9d-%d7%9c%d7%9e%d7%97%d7%9c%d7%a7%d7%aa-%d7%a9%d7%99%d7%95%d7%95%d7%a7-%d7%91%d7%9e%d7%a8%d7%9b%d7%96-%d7%94%d7%90/,,onsite,junior,huji
דרוש/ה סטודנט/ית לחטיבת משאבי אנוש - כאן 11,LOGO 10,ירושלים,2026-04-19,https://hujicareer.co.il/jobs/%d7%93%d7%a8%d7%95%d7%a9-%d7%94-%d7%a1%d7%98%d7%95%d7%93%d7%a0%d7%98-%d7%99%d7%aa-%d7%9c%d7%97%d7%98%d7%99%d7%91%d7%aa-%d7%9e%d7%a9%d7%90%d7%91%d7%99-%d7%90%d7%a0%d7%95%d7%a9-%d7%9b%d7%90%d7%9f-11/,,onsite,junior,huji
"למכון הרטמן בירושלים דרוש/ה רו""ח/כלכלן",Screenshot 2026-04-19 114836,ירושלים,2026-04-19,https://hujicareer.co.il/jobs/%d7%9c%d7%9e%d7%9b%d7%95%d7%9f-%d7%94%d7%a8%d7%98%d7%9e%d7%9f-%d7%91%d7%99%d7%a8%d7%95%d7%a9%d7%9c%d7%99%d7%9d-%d7%93%d7%a8%d7%95%d7%a9-%d7%94-%d7%a8%d7%95%d7%97-%d7%9b%d7%9c%d7%9b%d7%9c%d7%9f/,,onsite,junior,huji
דרוש/ה מדריך/ה דובר אנגלית לקורסי מחשב ואפליקציות בירושלים,c3,ירושלים,2026-04-19,https://hujicareer.co.il/jobs/%d7%93%d7%a8%d7%95%d7%a9-%d7%94-%d7%9e%d7%93%d7%a8%d7%99%d7%9a-%d7%94-%d7%93%d7%95%d7%91%d7%a8-%d7%90%d7%a0%d7%92%d7%9c%d7%99%d7%aa-%d7%9c%d7%a7%d7%95%d7%a8%d7%a1%d7%99-%d7%9e%d7%97%d7%a9%d7%91/,,onsite,junior,huji
Associate for Investment Team - JVP,Jerusalem_Venture_Partners.svg,ירושלים,2026-04-15,https://hujicareer.co.il/jobs/associate-for-investment-team-jvp/,,onsite,junior,huji
Investor Relations Associate - JVP,Jerusalem_Venture_Partners.svg,ירושלים,2026-04-15,https://hujicareer.co.il/jobs/investor-relations-associate-jvp/,,onsite,junior,huji
"אחראי מערכות חשמל ותשתיות לאגף מבצעים, לוגיסטיקה ונכסים במשרד הביטחון",לוגו משרד הביטחון,תל אביב,2026-04-15,https://hujicareer.co.il/jobs/%d7%90%d7%97%d7%a8%d7%90%d7%99-%d7%9e%d7%a2%d7%a8%d7%9b%d7%95%d7%aa-%d7%97%d7%a9%d7%9e%d7%9c-%d7%95%d7%aa%d7%a9%d7%aa%d7%99%d7%95%d7%aa-%d7%9c%d7%90%d7%92%d7%a3-%d7%9e%d7%91%d7%a6%d7%a2%d7%99%d7%9d/,,onsite,junior,huji
דרוש/ה מדריך/ה לנוער במשרה זמנית - קיבוץ רמת רחל,oval-img8,ירושלים,2026-04-15,https://hujicareer.co.il/jobs/%d7%93%d7%a8%d7%95%d7%a9-%d7%94-%d7%9e%d7%93%d7%a8%d7%99%d7%9a-%d7%94-%d7%9c%d7%a0%d7%95%d7%a2%d7%a8-%d7%91%d7%9e%d7%a9%d7%a8%d7%94-%d7%96%d7%9e%d7%a0%d7%99%d7%aa-%d7%a7%d7%99%d7%91%d7%95%d7%a5/,,onsite,junior,huji
דרוש סטודנט לאגף בכיר ניהול ההון האנושי במשרד הפנים בירושלים,משרד הפנים לוגו,ירושלים,2026-04-15,https://hujicareer.co.il/jobs/%d7%93%d7%a8%d7%95%d7%a9-%d7%a1%d7%98%d7%95%d7%93%d7%a0%d7%98-%d7%9c%d7%90%d7%92%d7%a3-%d7%91%d7%9b%d7%99%d7%a8-%d7%a0%d7%99%d7%94%d7%95%d7%9c-%d7%94%d7%94%d7%95%d7%9f-%d7%94%d7%90%d7%a0%d7%95%d7%a9-2/,,onsite,junior,huji
דרוש סטודנט לאגף משכורת בחשבות משרד הפנים בירושלים,משרד הפנים לוגו,ירושלים,2026-04-15,https://hujicareer.co.il/jobs/%d7%93%d7%a8%d7%95%d7%a9-%d7%a1%d7%98%d7%95%d7%93%d7%a0%d7%98-%d7%9c%d7%90%d7%92%d7%a3-%d7%9e%d7%a9%d7%9b%d7%95%d7%a8%d7%aa-%d7%91%d7%97%d7%a9%d7%91%d7%95%d7%aa-%d7%9e%d7%a9%d7%a8%d7%93-%d7%94%d7%a4/,,onsite,junior,huji
מנהלן/ית הוראה ותלמידים - המכון למדעי כדור הארץ,HUJI Career,ירושלים,2026-04-13,https://hujicareer.co.il/jobs/%d7%9e%d7%a0%d7%94%d7%9c%d7%9f-%d7%99%d7%aa-%d7%94%d7%95%d7%a8%d7%90%d7%94-%d7%95%d7%aa%d7%9c%d7%9e%d7%99%d7%93%d7%99%d7%9d-%d7%94%d7%9e%d7%9b%d7%95%d7%9f-%d7%9c%d7%9e%d7%93%d7%a2%d7%99-%d7%9b%d7%93/,,onsite,junior,huji
רכז/ת פרויקטים - האוניברסיטה העברית לנוער - מרכז נוער שוחר מדע,HUJI Career,ירושלים,2026-04-13,https://hujicareer.co.il/jobs/%d7%a8%d7%9b%d7%96-%d7%aa-%d7%a4%d7%a8%d7%95%d7%99%d7%a7%d7%98%d7%99%d7%9d-%d7%94%d7%90%d7%95%d7%a0%d7%99%d7%91%d7%a8%d7%a1%d7%99%d7%98%d7%94-%d7%94%d7%a2%d7%91%d7%a8%d7%99%d7%aa-%d7%9c%d7%a0%d7%95/,,onsite,junior,huji
דובר/ת - אגף שיווק ותקשורת,HUJI Career,ירושלים,2026-04-13,https://hujicareer.co.il/jobs/%d7%93%d7%95%d7%91%d7%a8-%d7%aa-%d7%90%d7%92%d7%a3-%d7%a9%d7%99%d7%95%d7%95%d7%a7-%d7%95%d7%aa%d7%a7%d7%a9%d7%95%d7%a8%d7%aa/,,onsite,junior,huji
למעבדות בריאות הציבור דרוש/ה סטודנט/ית למדעי החיים/ביולוגיה/ביוטכנולוגיה,HUJI Career,ירושלים,2026-04-13,https://hujicareer.co.il/jobs/%d7%9c%d7%9e%d7%a2%d7%91%d7%93%d7%95%d7%aa-%d7%91%d7%a8%d7%99%d7%90%d7%95%d7%aa-%d7%94%d7%a6%d7%99%d7%91%d7%95%d7%a8-%d7%93%d7%a8%d7%95%d7%a9-%d7%94-%d7%a1%d7%98%d7%95%d7%93%d7%a0%d7%98-%d7%99%d7%aa/,,onsite,junior,huji
המרכז הרפואי שמיר מגייס סטודנטים/ות לאגף מערכות מידע ומיחשוב,111111,,2026-04-13,https://hujicareer.co.il/jobs/%d7%94%d7%9e%d7%a8%d7%9b%d7%96-%d7%94%d7%a8%d7%a4%d7%95%d7%90%d7%99-%d7%a9%d7%9e%d7%99%d7%a8-%d7%9e%d7%92%d7%99%d7%99%d7%a1-%d7%a1%d7%98%d7%95%d7%93%d7%a0%d7%98%d7%99%d7%9d-%d7%95%d7%aa-%d7%9c%d7%90/,,onsite,junior,huji
למערך המזון במרכז הרפואי שמיר דרושים/ות עובדי/ות מטבח,111111,,2026-04-13,https://hujicareer.co.il/jobs/%d7%9c%d7%9e%d7%a2%d7%a8%d7%9a-%d7%94%d7%9e%d7%96%d7%95%d7%9f-%d7%91%d7%9e%d7%a8%d7%9b%d7%96-%d7%94%d7%a8%d7%a4%d7%95%d7%90%d7%99-%d7%a9%d7%9e%d7%99%d7%a8-%d7%93%d7%a8%d7%95%d7%a9%d7%99%d7%9d-%d7%95/,,onsite,junior,huji
מנהלן/ית הוראה ותלמידים - המכינה החרדית האוניברסיטאית,HUJI Career,ירושלים,2026-04-13,https://hujicareer.co.il/jobs/%d7%9e%d7%a0%d7%94%d7%9c%d7%9f-%d7%99%d7%aa-%d7%94%d7%95%d7%a8%d7%90%d7%94-%d7%95%d7%aa%d7%9c%d7%9e%d7%99%d7%93%d7%99%d7%9d-%d7%94%d7%9e%d7%9b%d7%99%d7%a0%d7%94-%d7%94%d7%97%d7%a8%d7%93%d7%99%d7%aa/,,onsite,junior,huji
דרוש/ה אנליטיקאי/ת .B.Sc. / M.Sc  במדעי הטבע (משרה זמנית),c3,ירושלים,2026-04-13,https://hujicareer.co.il/jobs/%d7%93%d7%a8%d7%95%d7%a9-%d7%94-%d7%90%d7%a0%d7%9c%d7%99%d7%98%d7%99%d7%a7%d7%90%d7%99-%d7%aa-b-sc-m-sc-%d7%91%d7%9e%d7%93%d7%a2%d7%99-%d7%94%d7%98%d7%91%d7%a2-%d7%9e%d7%a9%d7%a8/,,onsite,junior,huji
Controller for Finance Team - Fluent Trade Technologies,fluent-logo,ירושלים,2026-04-13,https://hujicareer.co.il/jobs/controller-for-finance-team-fluent-trade-technologies/,,onsite,junior,huji
דרוש/ה אחראי/ת לאיתור והשאלת חומר לארכיון צה”ל במשרד הביטחון,לוגו משרד הביטחון,,2026-04-13,https://hujicareer.co.il/jobs/%d7%93%d7%a8%d7%95%d7%a9-%d7%94-%d7%90%d7%97%d7%a8%d7%90%d7%99-%d7%aa-%d7%9c%d7%90%d7%99%d7%aa%d7%95%d7%a8-%d7%95%d7%94%d7%a9%d7%90%d7%9c%d7%aa-%d7%97%d7%95%d7%9e%d7%a8-%d7%9c%d7%90%d7%a8%d7%9b-2/,,onsite,junior,huji
דרוש/ה אחראי/ת לשירותי מעבדה לארכיון צה”ל במשרד הביטחון,לוגו משרד הביטחון,,2026-04-13,https://hujicareer.co.il/jobs/%d7%93%d7%a8%d7%95%d7%a9-%d7%94-%d7%90%d7%97%d7%a8%d7%90%d7%99-%d7%aa-%d7%9c%d7%a9%d7%99%d7%a8%d7%95%d7%aa%d7%99-%d7%9e%d7%a2%d7%91%d7%93%d7%94-%d7%9c%d7%90%d7%a8%d7%9b%d7%99%d7%95%d7%9f-%d7%a6-2/,,onsite,junior,huji
דרוש/ה אחראי/ת לתפעול וגניזה לארכיון צה”ל במשרד הביטחון,לוגו משרד הביטחון,,2026-04-13,https://hujicareer.co.il/jobs/%d7%93%d7%a8%d7%95%d7%a9-%d7%94-%d7%90%d7%97%d7%a8%d7%90%d7%99-%d7%aa-%d7%9c%d7%aa%d7%a4%d7%a2%d7%95%d7%9c-%d7%95%d7%92%d7%a0%d7%99%d7%96%d7%94-%d7%9c%d7%90%d7%a8%d7%9b%d7%99%d7%95%d7%9f-%d7%a6-2/,,onsite,junior,huji
דרוש/ה ר’ תחום רישום והטמעת מאגרי מידע לארכיון צה”ל במשרד הביטחון,לוגו משרד הביטחון,,2026-04-13,https://hujicareer.co.il/jobs/%d7%93%d7%a8%d7%95%d7%a9-%d7%94-%d7%a8-%d7%aa%d7%97%d7%95%d7%9d-%d7%a8%d7%99%d7%a9%d7%95%d7%9d-%d7%95%d7%94%d7%98%d7%9e%d7%a2%d7%aa-%d7%9e%d7%90%d7%92%d7%a8%d7%99-%d7%9e%d7%99%d7%93%d7%a2-2/,,onsite,junior,huji
אחראי/ת קשרי לקוחות ופיתוח עסקי (משרה חלקית/סטודנט),logo1,תל אביב,2026-04-13,https://hujicareer.co.il/jobs/%d7%90%d7%97%d7%a8%d7%90%d7%99-%d7%aa-%d7%a7%d7%a9%d7%a8%d7%99-%d7%9c%d7%a7%d7%95%d7%97%d7%95%d7%aa-%d7%95%d7%a4%d7%99%d7%aa%d7%95%d7%97-%d7%a2%d7%a1%d7%a7%d7%99-%d7%9e%d7%a9%d7%a8%d7%94-%d7%97-2/,,onsite,junior,huji
דרוש/ה סטודנט/ית למשרת דיגיטל באגף דוברות שירות התעסוקה,channels4_profile,ירושלים,2026-04-13,https://hujicareer.co.il/jobs/%d7%93%d7%a8%d7%95%d7%a9-%d7%94-%d7%a1%d7%98%d7%95%d7%93%d7%a0%d7%98-%d7%99%d7%aa-%d7%9c%d7%9e%d7%a9%d7%a8%d7%aa-%d7%93%d7%99%d7%92%d7%99%d7%98%d7%9c-%d7%91%d7%90%d7%92%d7%a3-%d7%93%d7%95%d7%91%d7%a8/,,onsite,junior,huji
משרות פתוחות במגוון תחומים באסם-נסטלה!,HUJI Career,,2026-04-13,https://hujicareer.co.il/jobs/%d7%9e%d7%a9%d7%a8%d7%95%d7%aa-%d7%a4%d7%aa%d7%95%d7%97%d7%95%d7%aa-%d7%91%d7%9e%d7%92%d7%95%d7%95%d7%9f-%d7%aa%d7%97%d7%95%d7%9e%d7%99%d7%9d-%d7%91%d7%90%d7%a1%d7%9d-%d7%a0%d7%a1%d7%98%d7%9c%d7%94/,,onsite,junior,huji
Junior Global Share Plans Specialist - Mobileye,HUJI Career,ירושלים,2026-04-13,https://hujicareer.co.il/jobs/junior-global-share-plans-specialist-mobileye/,,onsite,junior,huji
דרוש/ה רופא/ה להתמחות בתחום כירורגית חזה במרכז רפואי שמיר,111111,,2026-04-13,https://hujicareer.co.il/jobs/%d7%93%d7%a8%d7%95%d7%a9-%d7%94-%d7%a8%d7%95%d7%a4%d7%90-%d7%94-%d7%9c%d7%94%d7%aa%d7%9e%d7%97%d7%95%d7%aa-%d7%91%d7%aa%d7%97%d7%95%d7%9d-%d7%9b%d7%99%d7%a8%d7%95%d7%a8%d7%92%d7%99%d7%aa-%d7%97%d7%96/,,onsite,junior,huji
דרוש/ה רופא/ה להתמחות על למחלקת כירורגית חזה במרכז הרפואי שמיר,111111,,2026-04-13,https://hujicareer.co.il/jobs/%d7%93%d7%a8%d7%95%d7%a9-%d7%94-%d7%a8%d7%95%d7%a4%d7%90-%d7%94-%d7%9c%d7%94%d7%aa%d7%9e%d7%97%d7%95%d7%aa-%d7%a2%d7%9c-%d7%9c%d7%9e%d7%97%d7%9c%d7%a7%d7%aa-%d7%9b%d7%99%d7%a8%d7%95%d7%a8%d7%92%d7%99/,,onsite,junior,huji
דרוש/ה רכז/ת לתוכנית מושבה על מאדים - נוער שוחר מדע האוניברסיטה העברית,HUJI Career,ירושלים,2026-04-13,https://hujicareer.co.il/jobs/%d7%93%d7%a8%d7%95%d7%a9-%d7%94-%d7%a8%d7%9b%d7%96-%d7%aa-%d7%9c%d7%aa%d7%95%d7%9b%d7%a0%d7%99%d7%aa-%d7%9e%d7%95%d7%a9%d7%91%d7%94-%d7%a2%d7%9c-%d7%9e%d7%90%d7%93%d7%99%d7%9d-%d7%a0%d7%95%d7%a2/,,onsite,junior,huji
מפיק/ה במשרה חלקית לחטיבת הדיגיטל בשפה הערבית - כאן 11,LOGO 10,חיפה,2026-04-13,https://hujicareer.co.il/jobs/%d7%9e%d7%a4%d7%99%d7%a7-%d7%94-%d7%91%d7%9e%d7%a9%d7%a8%d7%94-%d7%97%d7%9c%d7%a7%d7%99%d7%aa-%d7%9c%d7%97%d7%98%d7%99%d7%91%d7%aa-%d7%94%d7%93%d7%99%d7%92%d7%99%d7%98%d7%9c-%d7%91%d7%a9%d7%a4%d7%94-2/,,onsite,junior,huji
מתאם/ת צוותי צילום שטח לחטיבת החדשות - כאן 11,LOGO 10,ירושלים,2026-04-13,https://hujicareer.co.il/jobs/%d7%9e%d7%aa%d7%90%d7%9d-%d7%aa-%d7%a6%d7%95%d7%95%d7%aa%d7%99-%d7%a6%d7%99%d7%9c%d7%95%d7%9d-%d7%a9%d7%98%d7%97-%d7%9c%d7%97%d7%98%d7%99%d7%91%d7%aa-%d7%94%d7%97%d7%93%d7%a9%d7%95%d7%aa-%d7%9b-2/,,onsite,junior,huji
משרד הבינוי והשיכון מגייס מוביל.ת גיוס ומיתוג מעסיק,משרד-הבינוי-והשיכון,ירושלים,2026-04-09,https://hujicareer.co.il/jobs/%d7%9e%d7%a9%d7%a8%d7%93-%d7%94%d7%91%d7%99%d7%a0%d7%95%d7%99-%d7%95%d7%94%d7%a9%d7%99%d7%9b%d7%95%d7%9f-%d7%9e%d7%92%d7%99%d7%99%d7%a1-%d7%9e%d7%95%d7%91%d7%99%d7%9c-%d7%aa-%d7%92%d7%99%d7%95%d7%a1/,,onsite,junior,huji
"לחברה בנייה, יזמות והנדסה דרוש/ה כלכלן/ית",קן-התור,,2026-04-09,https://hujicareer.co.il/jobs/%d7%9c%d7%97%d7%91%d7%a8%d7%94-%d7%91%d7%a0%d7%99%d7%99%d7%94-%d7%99%d7%96%d7%9e%d7%95%d7%aa-%d7%95%d7%94%d7%a0%d7%93%d7%a1%d7%94-%d7%93%d7%a8%d7%95%d7%a9-%d7%94-%d7%9b%d7%9c%d7%9b%d7%9c%d7%9f-%d7%99/,,onsite,junior,huji
אימונולוג/ית .Ph.D העברה מפיתוח,c3,ירושלים,2026-04-09,https://hujicareer.co.il/jobs/%d7%90%d7%99%d7%9e%d7%95%d7%a0%d7%95%d7%9c%d7%95%d7%92-%d7%99%d7%aa-ph-d-%d7%94%d7%a2%d7%91%d7%a8%d7%94-%d7%9e%d7%a4%d7%99%d7%aa%d7%95%d7%97/,,onsite,junior,huji
"דרוש/ה מאמן/ת כושר לחד""כ של עובדי/ות המרכז הרפואי שמיר",111111,,2026-04-09,https://hujicareer.co.il/jobs/%d7%93%d7%a8%d7%95%d7%a9-%d7%94-%d7%9e%d7%90%d7%9e%d7%9f-%d7%aa-%d7%9b%d7%95%d7%a9%d7%a8-%d7%9c%d7%97%d7%93%d7%9b-%d7%a9%d7%9c-%d7%a2%d7%95%d7%91%d7%93%d7%99-%d7%95%d7%aa-%d7%94%d7%9e%d7%a8%d7%9b/,,onsite,junior,huji
פיזיקאי/ת מהנדס/ת .B. Sc,c3,ירושלים,2026-04-09,https://hujicareer.co.il/jobs/%d7%a4%d7%99%d7%96%d7%99%d7%a7%d7%90%d7%99-%d7%aa-%d7%9e%d7%94%d7%a0%d7%93%d7%a1-%d7%aa-b-sc/,,onsite,junior,huji
דרוש/ה לבורנט/ית .M.Sc במדעי הטבע,c3,ירושלים,2026-04-09,https://hujicareer.co.il/jobs/%d7%93%d7%a8%d7%95%d7%a9-%d7%94-%d7%9c%d7%91%d7%95%d7%a8%d7%a0%d7%98-%d7%99%d7%aa-m-sc-%d7%91%d7%9e%d7%93%d7%a2%d7%99-%d7%94%d7%98%d7%91%d7%a2/,,onsite,junior,huji
מלון ייחודי בירושלים מגייס מנהל/ת חוויית לקוח,c3,ירושלים,2026-04-09,https://hujicareer.co.il/jobs/%d7%9e%d7%9c%d7%95%d7%9f-%d7%99%d7%99%d7%97%d7%95%d7%93%d7%99-%d7%91%d7%99%d7%a8%d7%95%d7%a9%d7%9c%d7%99%d7%9d-%d7%9e%d7%92%d7%99%d7%99%d7%a1-%d7%9e%d7%a0%d7%94%d7%9c-%d7%aa-%d7%97%d7%95%d7%95%d7%99/,,onsite,junior,huji
"עוזר/ת אישית למנהלי מחלקת הסליקה ומסחר, נגזרים ומדדים בבורסה לניירות ערך",tasa,תל אביב,2026-04-09,https://hujicareer.co.il/jobs/%d7%a2%d7%95%d7%96%d7%a8-%d7%aa-%d7%90%d7%99%d7%a9%d7%99%d7%aa-%d7%9c%d7%9e%d7%a0%d7%94%d7%9c%d7%99-%d7%9e%d7%97%d7%9c%d7%a7%d7%aa-%d7%94%d7%a1%d7%9c%d7%99%d7%a7%d7%94-%d7%95%d7%9e%d7%a1%d7%97%d7%a8/,,onsite,junior,huji
"רכז/ת גיוס לצהרוני ""ניצנים"" לתאגיד לביא",HUJI Career,ירושלים,2026-04-09,https://hujicareer.co.il/jobs/%d7%a8%d7%9b%d7%96-%d7%aa-%d7%92%d7%99%d7%95%d7%a1-%d7%9c%d7%a6%d7%94%d7%a8%d7%95%d7%a0%d7%99-%d7%a0%d7%99%d7%a6%d7%a0%d7%99%d7%9d-%d7%9c%d7%aa%d7%90%d7%92%d7%99%d7%93-%d7%9c%d7%91%d7%99%d7%90/,,onsite,junior,huji
ראש/ת צוות סיסטם לחטיבת ההנדסה והטכנולוגיות,LOGO 10,ירושלים,2026-04-09,https://hujicareer.co.il/jobs/%d7%a8%d7%90%d7%a9-%d7%aa-%d7%a6%d7%95%d7%95%d7%aa-%d7%a1%d7%99%d7%a1%d7%98%d7%9d-%d7%9c%d7%97%d7%98%d7%99%d7%91%d7%aa-%d7%94%d7%94%d7%a0%d7%93%d7%a1%d7%94-%d7%95%d7%94%d7%98%d7%9b%d7%a0%d7%95%d7%9c/,,onsite,junior,huji
למחלקת השקעות ברשות ניירות ערך דרוש/ה רפרנט/ית ליחידת הפיקוח על שירותי מידע ותשלומים,Logo_israel_securities_authority,תל אביב,2026-04-09,https://hujicareer.co.il/jobs/%d7%9c%d7%9e%d7%97%d7%9c%d7%a7%d7%aa-%d7%94%d7%a9%d7%a7%d7%a2%d7%95%d7%aa-%d7%91%d7%a8%d7%a9%d7%95%d7%aa-%d7%a0%d7%99%d7%99%d7%a8%d7%95%d7%aa-%d7%a2%d7%a8%d7%9a-%d7%93%d7%a8%d7%95%d7%a9-%d7%94-%d7%a8/,,onsite,junior,huji
משרות לאחיות במרפאות מכבי - ירושלים והסביבה,download,ירושלים,2026-03-30,https://hujicareer.co.il/jobs/%d7%9e%d7%a9%d7%a8%d7%95%d7%aa-%d7%9c%d7%90%d7%97%d7%99%d7%95%d7%aa-%d7%91%d7%9e%d7%a8%d7%a4%d7%90%d7%95%d7%aa-%d7%9e%d7%9b%d7%91%d7%99-%d7%99%d7%a8%d7%95%d7%a9%d7%9c%d7%99%d7%9d-%d7%95%d7%94%d7%a1/,,onsite,junior,huji
מרפא/ה בעיסוק להתפתחות הילד - כלל ארצי,download,,2026-03-30,https://hujicareer.co.il/jobs/%d7%9e%d7%a8%d7%a4%d7%90-%d7%94-%d7%91%d7%a2%d7%99%d7%a1%d7%95%d7%a7-%d7%9c%d7%94%d7%aa%d7%a4%d7%aa%d7%97%d7%95%d7%aa-%d7%94%d7%99%d7%9c%d7%93-%d7%9b%d7%9c%d7%9c-%d7%90%d7%a8%d7%a6%d7%99/,,onsite,junior,huji
רוקח/ת כלל ארצי לרשת מכבי פארם,download,,2026-03-30,https://hujicareer.co.il/jobs/%d7%a8%d7%95%d7%a7%d7%97-%d7%aa-%d7%9b%d7%9c%d7%9c-%d7%90%d7%a8%d7%a6%d7%99-%d7%9c%d7%a8%d7%a9%d7%aa-%d7%9e%d7%9b%d7%91%d7%99-%d7%a4%d7%90%d7%a8%d7%9d-2/,,onsite,junior,huji
עובד/ת מעבדה במעבדה המרכזית ברחובות,download,רחובות,2026-03-30,https://hujicareer.co.il/jobs/%d7%a2%d7%95%d7%91%d7%93-%d7%aa-%d7%9e%d7%a2%d7%91%d7%93%d7%94-%d7%91%d7%9e%d7%a2%d7%91%d7%93%d7%94-%d7%94%d7%9e%d7%a8%d7%9b%d7%96%d7%99%d7%aa-%d7%91%d7%a8%d7%97%d7%95%d7%91%d7%95%d7%aa-2/,,onsite,junior,huji
מפיק/ה לכאן רשת ב' בחטיבת החדשות,LOGO 10,,2026-03-29,https://hujicareer.co.il/jobs/%d7%9e%d7%a4%d7%99%d7%a7-%d7%94-%d7%9c%d7%9b%d7%90%d7%9f-%d7%a8%d7%a9%d7%aa-%d7%91-%d7%91%d7%97%d7%98%d7%99%d7%91%d7%aa-%d7%94%d7%97%d7%93%d7%a9%d7%95%d7%aa/,,onsite,junior,huji
רכז/ת קבוצות ותוכן - פרויקט ספריית העם היהודי בספרייה הלאומית,HUJI Career,ירושלים,2026-03-29,https://hujicareer.co.il/jobs/%d7%a8%d7%9b%d7%96-%d7%aa-%d7%a7%d7%91%d7%95%d7%a6%d7%95%d7%aa-%d7%95%d7%aa%d7%95%d7%9b%d7%9f-%d7%a4%d7%a8%d7%95%d7%99%d7%a7%d7%98-%d7%a1%d7%a4%d7%a8%d7%99%d7%99%d7%aa-%d7%94%d7%a2%d7%9d-%d7%94/,,onsite,junior,huji
רכז/ת פעילות מורים - אגף חינוך בספרייה הלאומית,HUJI Career,ירושלים,2026-03-29,https://hujicareer.co.il/jobs/%d7%a8%d7%9b%d7%96-%d7%aa-%d7%a4%d7%a2%d7%99%d7%9c%d7%95%d7%aa-%d7%9e%d7%95%d7%a8%d7%99%d7%9d-%d7%90%d7%92%d7%a3-%d7%97%d7%99%d7%a0%d7%95%d7%9a-%d7%91%d7%a1%d7%a4%d7%a8%d7%99%d7%99%d7%94-%d7%94/,,onsite,junior,huji
רכז/ת אדמיניסטרטיבי/ת - בית הספר לרוקחות,HUJI Career,ירושלים,2026-03-29,https://hujicareer.co.il/jobs/%d7%a8%d7%9b%d7%96-%d7%aa-%d7%90%d7%93%d7%9e%d7%99%d7%a0%d7%99%d7%a1%d7%98%d7%a8%d7%98%d7%99%d7%91%d7%99-%d7%aa-%d7%91%d7%99%d7%aa-%d7%94%d7%a1%d7%a4%d7%a8-%d7%9c%d7%a8%d7%95%d7%a7%d7%97%d7%95%d7%aa/,,onsite,junior,huji
רכז/ת תקציבי מחקר בפקולטה למדעי הרוח,HUJI Career,ירושלים,2026-03-29,https://hujicareer.co.il/jobs/%d7%a8%d7%9b%d7%96-%d7%aa-%d7%aa%d7%a7%d7%a6%d7%99%d7%91%d7%99-%d7%9e%d7%97%d7%a7%d7%a8-%d7%91%d7%a4%d7%a7%d7%95%d7%9c%d7%98%d7%94-%d7%9c%d7%9e%d7%93%d7%a2%d7%99-%d7%94%d7%a8%d7%95%d7%97/,,onsite,junior,huji
דרוש/ה אחראי/ת לתיאום ובקרת השירותים השיקומיים לאגף שיקום נכים במשרד הביטחון,לוגו משרד הביטחון,פתח תקווה,2026-03-29,https://hujicareer.co.il/jobs/%d7%93%d7%a8%d7%95%d7%a9-%d7%94-%d7%90%d7%97%d7%a8%d7%90%d7%99-%d7%aa-%d7%9c%d7%aa%d7%99%d7%90%d7%95%d7%9d-%d7%95%d7%91%d7%a7%d7%a8%d7%aa-%d7%94%d7%a9%d7%99%d7%a8%d7%95%d7%aa%d7%99%d7%9d-%d7%94%d7%a9/,,onsite,junior,huji
למעבדת QC דרוש/ה אנליטיקאי/ת,c3,,2026-03-29,https://hujicareer.co.il/jobs/%d7%9c%d7%9e%d7%a2%d7%91%d7%93%d7%aa-qc-%d7%93%d7%a8%d7%95%d7%a9-%d7%94-%d7%90%d7%a0%d7%9c%d7%99%d7%98%d7%99%d7%a7%d7%90%d7%99-%d7%aa/,,onsite,junior,huji
לאגף אמון במשרד הביטחון דרוש/ה ע' בכיר לשכירויות,לוגו משרד הביטחון,תל אביב,2026-03-29,https://hujicareer.co.il/jobs/%d7%9c%d7%90%d7%92%d7%a3-%d7%90%d7%9e%d7%95%d7%9f-%d7%91%d7%9e%d7%a9%d7%a8%d7%93-%d7%94%d7%91%d7%99%d7%98%d7%97%d7%95%d7%9f-%d7%93%d7%a8%d7%95%d7%a9-%d7%94-%d7%a2-%d7%91%d7%9b%d7%99%d7%a8-%d7%9c/,,onsite,junior,huji
סטודנט/ית מפעיל/ת עמדת גרפיקה לחדר שידור בחטיבת ההנדסה,LOGO 10,ירושלים,2026-03-25,https://hujicareer.co.il/jobs/%d7%a1%d7%98%d7%95%d7%93%d7%a0%d7%98-%d7%99%d7%aa-%d7%9e%d7%a4%d7%a2%d7%99%d7%9c-%d7%aa-%d7%a2%d7%9e%d7%93%d7%aa-%d7%92%d7%a8%d7%a4%d7%99%d7%a7%d7%94-%d7%9c%d7%97%d7%93%d7%a8-%d7%a9%d7%99%d7%93-2/,,onsite,junior,huji
למרכז מורשת בגין בירושלים דרוש/ה רכז/ת הזמנות,logo_blue_he,ירושלים,2026-03-25,https://hujicareer.co.il/jobs/%d7%9c%d7%9e%d7%a8%d7%9b%d7%96-%d7%9e%d7%95%d7%a8%d7%a9%d7%aa-%d7%91%d7%92%d7%99%d7%9f-%d7%91%d7%99%d7%a8%d7%95%d7%a9%d7%9c%d7%99%d7%9d-%d7%93%d7%a8%d7%95%d7%a9-%d7%94-%d7%a8%d7%9b%d7%96-%d7%aa-%d7%94/,,onsite,junior,huji
למרכז מורשת בגין דרוש/ה מנהל/ת אחזקה,logo_blue_he,ירושלים,2026-03-25,https://hujicareer.co.il/jobs/%d7%9c%d7%9e%d7%a8%d7%9b%d7%96-%d7%9e%d7%95%d7%a8%d7%a9%d7%aa-%d7%91%d7%92%d7%99%d7%9f-%d7%93%d7%a8%d7%95%d7%a9-%d7%94-%d7%9e%d7%a0%d7%94%d7%9c-%d7%aa-%d7%90%d7%97%d7%96%d7%a7%d7%94/,,onsite,junior,huji
דרוש.ה מנהל.ת מחקר יישומי ופיתוח לחברה מובילה בתחום תעשיות המזון,maxresdefault,,2026-03-25,https://hujicareer.co.il/jobs/%d7%93%d7%a8%d7%95%d7%a9-%d7%94-%d7%9e%d7%a0%d7%94%d7%9c-%d7%aa-%d7%9e%d7%97%d7%a7%d7%a8-%d7%99%d7%99%d7%a9%d7%95%d7%9e%d7%99-%d7%95%d7%a4%d7%99%d7%aa%d7%95%d7%97-%d7%9c%d7%97%d7%91%d7%a8%d7%94-%d7%9e/,,onsite,junior,huji
אחראי/ת קשרי לקוחות ופיתוח עסקי (משרה חלקית/סטודנט),logo1,תל אביב,2026-03-25,https://hujicareer.co.il/jobs/%d7%90%d7%97%d7%a8%d7%90%d7%99-%d7%aa-%d7%a7%d7%a9%d7%a8%d7%99-%d7%9c%d7%a7%d7%95%d7%97%d7%95%d7%aa-%d7%95%d7%a4%d7%99%d7%aa%d7%95%d7%97-%d7%a2%d7%a1%d7%a7%d7%99-%d7%9e%d7%a9%d7%a8%d7%94-%d7%97%d7%9c/,,onsite,junior,huji
לאגף אמון במשרד הביטחון דרוש/ה אחראי מערכות חשמל ותשתיות,לוגו משרד הביטחון,תל אביב,2026-03-25,https://hujicareer.co.il/jobs/%d7%9c%d7%90%d7%92%d7%a3-%d7%90%d7%9e%d7%95%d7%9f-%d7%91%d7%9e%d7%a9%d7%a8%d7%93-%d7%94%d7%91%d7%99%d7%98%d7%97%d7%95%d7%9f-%d7%93%d7%a8%d7%95%d7%a9-%d7%94-%d7%90%d7%97%d7%a8%d7%90%d7%99-%d7%9e%d7%a2/,,onsite,junior,huji
"מנהל/ת מחשוב ציבורי - האגף למחשוב, תקשורת ומידע",HUJI Career,ירושלים,2026-03-25,https://hujicareer.co.il/jobs/%d7%9e%d7%a0%d7%94%d7%9c-%d7%aa-%d7%9e%d7%97%d7%a9%d7%95%d7%91-%d7%a6%d7%99%d7%91%d7%95%d7%a8%d7%99-%d7%94%d7%90%d7%92%d7%a3-%d7%9c%d7%9e%d7%97%d7%a9%d7%95%d7%91-%d7%aa%d7%a7%d7%a9%d7%95%d7%a8/,,onsite,junior,huji
Senior AI-Vision Engineer,HUJI Career,מהבית,2026-03-25,https://hujicareer.co.il/jobs/senior-ai-vision-engineer/,,remote,junior,huji
לתוכנית החברתית גרעיני אודי דרוש/ה מנהל/ת אזור,budi_logo,ירושלים,2026-03-25,https://hujicareer.co.il/jobs/%d7%9c%d7%aa%d7%95%d7%9b%d7%a0%d7%99%d7%aa-%d7%94%d7%97%d7%91%d7%a8%d7%aa%d7%99%d7%aa-%d7%92%d7%a8%d7%a2%d7%99%d7%a0%d7%99-%d7%90%d7%95%d7%93%d7%99-%d7%93%d7%a8%d7%95%d7%a9-%d7%94-%d7%9e%d7%a0%d7%94/,,onsite,junior,huji
"דרוש/ה רכז/ת מלגות ומילואים (החלפה לחל""ד) למכללת עזריאלי ירושלים",download (4),ירושלים,2026-03-25,https://hujicareer.co.il/jobs/%d7%93%d7%a8%d7%95%d7%a9-%d7%94-%d7%a8%d7%9b%d7%96-%d7%aa-%d7%9e%d7%9c%d7%92%d7%95%d7%aa-%d7%95%d7%9e%d7%99%d7%9c%d7%95%d7%90%d7%99%d7%9d-%d7%94%d7%97%d7%9c%d7%a4%d7%94-%d7%9c%d7%97%d7%9c%d7%93/,,onsite,junior,huji
משרת רכז/ת חוג - המכון לספרויות - החלפה לחופשת לידה,HUJI Career,ירושלים,2026-03-25,https://hujicareer.co.il/jobs/%d7%9e%d7%a9%d7%a8%d7%aa-%d7%a8%d7%9b%d7%96-%d7%aa-%d7%97%d7%95%d7%92-%d7%94%d7%9e%d7%9b%d7%95%d7%9f-%d7%9c%d7%a1%d7%a4%d7%a8%d7%95%d7%99%d7%95%d7%aa-%d7%94%d7%97%d7%9c%d7%a4%d7%94-%d7%9c%d7%97/,,onsite,junior,huji
"למשרד הביטחון דרוש/ה ר' תחום שת""פ וקש""ח - אגף ביטחוני מדיני",לוגו משרד הביטחון,תל אביב,2026-03-25,https://hujicareer.co.il/jobs/%d7%9c%d7%9e%d7%a9%d7%a8%d7%93-%d7%94%d7%91%d7%99%d7%98%d7%97%d7%95%d7%9f-%d7%93%d7%a8%d7%95%d7%a9-%d7%94-%d7%a8-%d7%aa%d7%97%d7%95%d7%9d-%d7%a9%d7%aa%d7%a4-%d7%95%d7%a7%d7%a9%d7%97-%d7%90/,,onsite,junior,huji
הנהלת בתי המשפט מגייסת מנהל/ת תחום בכיר להקמה ותכנון בתי משפט,Israeli_Civil_Service_Commission.svg,ירושלים,2026-03-25,https://hujicareer.co.il/jobs/%d7%94%d7%a0%d7%94%d7%9c%d7%aa-%d7%91%d7%aa%d7%99-%d7%94%d7%9e%d7%a9%d7%a4%d7%98-%d7%9e%d7%92%d7%99%d7%99%d7%a1%d7%aa-%d7%9e%d7%a0%d7%94%d7%9c-%d7%aa-%d7%aa%d7%97%d7%95%d7%9d-%d7%91%d7%9b%d7%99%d7%a8/,,onsite,junior,huji
לרשות לאכיפה במקרקעין דרוש/ה מרכז/ת בכיר/ה (אכיפה בצוות התערבות),הרשות לאכיפה,ירושלים,2026-03-25,https://hujicareer.co.il/jobs/%d7%9c%d7%a8%d7%a9%d7%95%d7%aa-%d7%9c%d7%90%d7%9b%d7%99%d7%a4%d7%94-%d7%91%d7%9e%d7%a7%d7%a8%d7%a7%d7%a2%d7%99%d7%9f-%d7%93%d7%a8%d7%95%d7%a9-%d7%94-%d7%9e%d7%a8%d7%9b%d7%96-%d7%aa-%d7%91%d7%9b%d7%99/,,onsite,junior,huji
למשרד הבינוי והשיכון דרוש/ה מנהל/ת תחום (ארגון ושיטות תגמול תמרוץ),משרד-הבינוי-והשיכון,ירושלים,2026-03-25,https://hujicareer.co.il/jobs/%d7%9c%d7%9e%d7%a9%d7%a8%d7%93-%d7%94%d7%91%d7%99%d7%a0%d7%95%d7%99-%d7%95%d7%94%d7%a9%d7%99%d7%9b%d7%95%d7%9f-%d7%93%d7%a8%d7%95%d7%a9-%d7%94-%d7%9e%d7%a0%d7%94%d7%9c-%d7%aa-%d7%aa%d7%97%d7%95-2/,,onsite,junior,huji
"דרוש/ה מבקר/ת (מתמחה או רו""ח מתחיל) במשרד רואה/ת חשבון בתל אביב",c3,תל אביב,2026-03-25,https://hujicareer.co.il/jobs/%d7%93%d7%a8%d7%95%d7%a9-%d7%94-%d7%9e%d7%91%d7%a7%d7%a8-%d7%aa-%d7%9e%d7%aa%d7%9e%d7%97%d7%94-%d7%90%d7%95-%d7%a8%d7%95%d7%97-%d7%9e%d7%aa%d7%97%d7%99%d7%9c-%d7%91%d7%9e%d7%a9%d7%a8%d7%93-%d7%a8/,,onsite,junior,huji
למעבדה תעשייתית דרוש/ה לבורנט/ית בוגר/ת תואר ראשון בכימיה,c3,,2026-03-25,https://hujicareer.co.il/jobs/%d7%9c%d7%9e%d7%a2%d7%91%d7%93%d7%94-%d7%aa%d7%a2%d7%a9%d7%99%d7%99%d7%aa%d7%99%d7%aa-%d7%93%d7%a8%d7%95%d7%a9-%d7%94-%d7%9c%d7%91%d7%95%d7%a8%d7%a0%d7%98-%d7%99%d7%aa-%d7%91%d7%95%d7%92%d7%a8-%d7%aa/,,onsite,junior,huji
"דרוש/ה עובד/ת מקצועי/ת לעמותה חברתית גדולה, מוכרת ומצוינת",c3,,2026-03-25,https://hujicareer.co.il/jobs/%d7%93%d7%a8%d7%95%d7%a9-%d7%94-%d7%a2%d7%95%d7%91%d7%93-%d7%aa-%d7%9e%d7%a7%d7%a6%d7%95%d7%a2%d7%99-%d7%aa-%d7%9c%d7%a2%d7%9e%d7%95%d7%aa%d7%94-%d7%97%d7%91%d7%a8%d7%aa%d7%99%d7%aa-%d7%92%d7%93%d7%95/,,onsite,junior,huji
"לקופ""ח מובילה דרוש/ה אח/ות מרפאה/טיפולי בית למגוון תקנים ברחבי הארץ",c3,,2026-03-25,https://hujicareer.co.il/jobs/%d7%9c%d7%a7%d7%95%d7%a4%d7%97-%d7%9e%d7%95%d7%91%d7%99%d7%9c%d7%94-%d7%93%d7%a8%d7%95%d7%a9-%d7%94-%d7%90%d7%97-%d7%95%d7%aa-%d7%9e%d7%a8%d7%a4%d7%90%d7%94-%d7%98%d7%99%d7%a4%d7%95%d7%9c%d7%99/,,onsite,junior,huji
למשרד הבינוי והשיכון דרוש/ה מנהל/ת תחום (מוביל גיוס),משרד-הבינוי-והשיכון,ירושלים,2026-03-23,https://hujicareer.co.il/jobs/%d7%9c%d7%9e%d7%a9%d7%a8%d7%93-%d7%94%d7%91%d7%99%d7%a0%d7%95%d7%99-%d7%95%d7%94%d7%a9%d7%99%d7%9b%d7%95%d7%9f-%d7%93%d7%a8%d7%95%d7%a9-%d7%94-%d7%9e%d7%a0%d7%94%d7%9c-%d7%aa-%d7%aa%d7%97%d7%95%d7%9d/,,onsite,junior,huji
מדריך/ה דובר/ת אנגלית לקורסי יישומי מחשב ואפליקציות בירושלים,mtova_logo,ירושלים,2026-03-23,https://hujicareer.co.il/jobs/%d7%9e%d7%93%d7%a8%d7%99%d7%9a-%d7%94-%d7%93%d7%95%d7%91%d7%a8-%d7%aa-%d7%90%d7%a0%d7%92%d7%9c%d7%99%d7%aa-%d7%9c%d7%a7%d7%95%d7%a8%d7%a1%d7%99-%d7%99%d7%99%d7%a9%d7%95%d7%9e%d7%99-%d7%9e%d7%97%d7%a9/,,onsite,junior,huji
אנליסט/ית מערכות ותהליכים עסקיים לבורסה לניירות ערך,tasa,תל אביב,2026-03-23,https://hujicareer.co.il/jobs/%d7%90%d7%a0%d7%9c%d7%99%d7%a1%d7%98-%d7%99%d7%aa-%d7%9e%d7%a2%d7%a8%d7%9b%d7%95%d7%aa-%d7%95%d7%aa%d7%94%d7%9c%d7%99%d7%9b%d7%99%d7%9d-%d7%a2%d7%a1%d7%a7%d7%99%d7%99%d7%9d-%d7%9c%d7%91%d7%95%d7%a8/,,onsite,junior,huji
מנהל/ת מתודולוגיה ופרויקטים בעולם המודיעין,NessLogo,,2026-03-23,https://hujicareer.co.il/jobs/%d7%9e%d7%a0%d7%94%d7%9c-%d7%aa-%d7%9e%d7%aa%d7%95%d7%93%d7%95%d7%9c%d7%95%d7%92%d7%99%d7%94-%d7%95%d7%a4%d7%a8%d7%95%d7%99%d7%a7%d7%98%d7%99%d7%9d-%d7%91%d7%a2%d7%95%d7%9c%d7%9d-%d7%94%d7%9e%d7%95/,,onsite,junior,huji
אחראי/ת ליווי לקוחות עסקיים בעל/ת רקע פיננסי (Fintech),logo (1),,2026-03-23,https://hujicareer.co.il/jobs/%d7%90%d7%97%d7%a8%d7%90%d7%99-%d7%aa-%d7%9c%d7%99%d7%95%d7%95%d7%99-%d7%9c%d7%a7%d7%95%d7%97%d7%95%d7%aa-%d7%a2%d7%a1%d7%a7%d7%99%d7%99%d7%9d-%d7%91%d7%a2%d7%9c-%d7%aa-%d7%a8%d7%a7%d7%a2-%d7%a4%d7%99/,,onsite,junior,huji
Junior Research Analyst,logo (1),,2026-03-23,https://hujicareer.co.il/jobs/junior-research-analyst/,,onsite,junior,huji
Analyst Student Position,logo (1),,2026-03-23,https://hujicareer.co.il/jobs/analyst-student-position/,,onsite,junior,huji
דרוש/ה מוקדן/ית NOC לעבודה ברשות ממשלתית מרכזית בירושלים,NessLogo,ירושלים,2026-03-23,https://hujicareer.co.il/jobs/%d7%93%d7%a8%d7%95%d7%a9-%d7%94-%d7%9e%d7%95%d7%a7%d7%93%d7%9f-%d7%99%d7%aa-noc-%d7%9c%d7%a2%d7%91%d7%95%d7%93%d7%94-%d7%91%d7%a8%d7%a9%d7%95%d7%aa-%d7%9e%d7%9e%d7%a9%d7%9c%d7%aa%d7%99%d7%aa-%d7%9e/,,onsite,junior,huji
עורך/ת משנה לחטיבת החדשות - כאן 11,LOGO 10,ירושלים,2026-03-23,https://hujicareer.co.il/jobs/%d7%a2%d7%95%d7%a8%d7%9a-%d7%aa-%d7%9e%d7%a9%d7%a0%d7%94-%d7%9c%d7%97%d7%98%d7%99%d7%91%d7%aa-%d7%94%d7%97%d7%93%d7%a9%d7%95%d7%aa-%d7%9b%d7%90%d7%9f-11-2/,,onsite,junior,huji
רכז/ת משאבי אנוש לתאגיד החינוך של עיריית ירושלים,HUJI Career,ירושלים,2026-03-23,https://hujicareer.co.il/jobs/%d7%a8%d7%9b%d7%96-%d7%aa-%d7%9e%d7%a9%d7%90%d7%91%d7%99-%d7%90%d7%a0%d7%95%d7%a9-%d7%9c%d7%aa%d7%90%d7%92%d7%99%d7%93-%d7%94%d7%97%d7%99%d7%a0%d7%95%d7%9a-%d7%a9%d7%9c-%d7%a2%d7%99%d7%a8%d7%99%d7%99/,,onsite,junior,huji
מנהל/ת מרכז מנדל סכוליון - הפקולטה למדעי הרוח,HUJI Career,ירושלים,2026-03-23,https://hujicareer.co.il/jobs/%d7%9e%d7%a0%d7%94%d7%9c-%d7%aa-%d7%9e%d7%a8%d7%9b%d7%96-%d7%9e%d7%a0%d7%93%d7%9c-%d7%a1%d7%9b%d7%95%d7%9c%d7%99%d7%95%d7%9f-%d7%94%d7%a4%d7%a7%d7%95%d7%9c%d7%98%d7%94-%d7%9c%d7%9e%d7%93%d7%a2%d7%99/,,onsite,junior,huji
רכז/ת תוכנית דוקטורנטים ובינלאומיות - הפקולטה למדעי החברה,HUJI Career,ירושלים,2026-03-23,https://hujicareer.co.il/jobs/%d7%a8%d7%9b%d7%96-%d7%aa-%d7%aa%d7%95%d7%9b%d7%a0%d7%99%d7%aa-%d7%93%d7%95%d7%a7%d7%98%d7%95%d7%a8%d7%a0%d7%98%d7%99%d7%9d-%d7%95%d7%91%d7%99%d7%a0%d7%9c%d7%90%d7%95%d7%9e%d7%99%d7%95%d7%aa-%d7%94/,,onsite,junior,huji
דרוש/ה סטודנט/ית במחוז תל אביב במשרד הפנים,משרד הפנים לוגו,תל אביב,2026-03-23,https://hujicareer.co.il/jobs/%d7%93%d7%a8%d7%95%d7%a9-%d7%94-%d7%a1%d7%98%d7%95%d7%93%d7%a0%d7%98-%d7%99%d7%aa-%d7%91%d7%9e%d7%97%d7%95%d7%96-%d7%aa%d7%9c-%d7%90%d7%91%d7%99%d7%91-%d7%91%d7%9e%d7%a9%d7%a8%d7%93-%d7%94%d7%a4-2/,,onsite,junior,huji
דרוש/ה עובד/ת סוציאלי/ת למרכז הירושלמי לבריאות הנפש,HUJI Career,ירושלים,2026-03-23,https://hujicareer.co.il/jobs/%d7%93%d7%a8%d7%95%d7%a9-%d7%94-%d7%a2%d7%95%d7%91%d7%93-%d7%aa-%d7%a1%d7%95%d7%a6%d7%99%d7%90%d7%9c%d7%99-%d7%aa-%d7%9c%d7%9e%d7%a8%d7%9b%d7%96-%d7%94%d7%99%d7%a8%d7%95%d7%a9%d7%9c%d7%9e%d7%99-%d7%9c/,,onsite,junior,huji
משרות פתוחות בחברת אסם נסטלה,HUJI Career,,2026-03-23,https://hujicareer.co.il/jobs/%d7%9e%d7%a9%d7%a8%d7%95%d7%aa-%d7%a4%d7%aa%d7%95%d7%97%d7%95%d7%aa-%d7%91%d7%97%d7%91%d7%a8%d7%aa-%d7%90%d7%a1%d7%9d-%d7%a0%d7%a1%d7%98%d7%9c%d7%94/,,onsite,junior,huji
"מנהל.ת מחלקת תכנון, מדיניות וסיוע כספי בחברת מסע",Logo_(Vertical)_-_Color,ירושלים,2026-03-23,https://hujicareer.co.il/jobs/%d7%9e%d7%a0%d7%94%d7%9c-%d7%aa-%d7%9e%d7%97%d7%9c%d7%a7%d7%aa-%d7%aa%d7%9b%d7%a0%d7%95%d7%9f-%d7%9e%d7%93%d7%99%d7%a0%d7%99%d7%95%d7%aa-%d7%95%d7%a1%d7%99%d7%95%d7%a2-%d7%9b%d7%a1%d7%a4%d7%99-%d7%91/,,onsite,junior,huji
מנהל/ת דיגיטל בינלאומי/ת - הרשות לבינלאומיות,HUJI Career,ירושלים,2026-03-23,https://hujicareer.co.il/jobs/%d7%9e%d7%a0%d7%94%d7%9c-%d7%aa-%d7%93%d7%99%d7%92%d7%99%d7%98%d7%9c-%d7%91%d7%99%d7%a0%d7%9c%d7%90%d7%95%d7%9e%d7%99-%d7%aa-%d7%94%d7%a8%d7%a9%d7%95%d7%aa-%d7%9c%d7%91%d7%99%d7%a0%d7%9c%d7%90%d7%95/,,onsite,junior,huji
דרושים סטודנטים לרשות לניהול המאגר הביומטרי במשרד הפנים בירושלים,משרד הפנים לוגו,ירושלים,2026-03-23,https://hujicareer.co.il/jobs/%d7%93%d7%a8%d7%95%d7%a9%d7%99%d7%9d-%d7%a1%d7%98%d7%95%d7%93%d7%a0%d7%98%d7%99%d7%9d-%d7%9c%d7%a8%d7%a9%d7%95%d7%aa-%d7%9c%d7%a0%d7%99%d7%94%d7%95%d7%9c-%d7%94%d7%9e%d7%90%d7%92%d7%a8-%d7%94%d7%91/,,onsite,junior,huji
דרושים סטודנטים לאגף בכיר תקציבים במשרד הפנים בירושלים,משרד הפנים לוגו,ירושלים,2026-03-23,https://hujicareer.co.il/jobs/%d7%93%d7%a8%d7%95%d7%a9%d7%99%d7%9d-%d7%a1%d7%98%d7%95%d7%93%d7%a0%d7%98%d7%99%d7%9d-%d7%9c%d7%90%d7%92%d7%a3-%d7%91%d7%9b%d7%99%d7%a8-%d7%aa%d7%a7%d7%a6%d7%99%d7%91%d7%99%d7%9d-%d7%91%d7%9e%d7%a9-5/,,onsite,junior,huji
לאגף שיקום נכים במשרד הביטחון דרוש/ה עובד/ת סוציאלי/ת,לוגו משרד הביטחון,,2026-03-23,https://hujicareer.co.il/jobs/%d7%9c%d7%90%d7%92%d7%a3-%d7%a9%d7%99%d7%a7%d7%95%d7%9d-%d7%a0%d7%9b%d7%99%d7%9d-%d7%91%d7%9e%d7%a9%d7%a8%d7%93-%d7%94%d7%91%d7%99%d7%98%d7%97%d7%95%d7%9f-%d7%93%d7%a8%d7%95%d7%a9-%d7%94-%d7%a2%d7%95/,,onsite,junior,huji
דרוש/ה סטודנט/ית ליחידת הרווחה במשרד הבריאות,HUJI Career,ירושלים,2026-03-23,https://hujicareer.co.il/jobs/%d7%93%d7%a8%d7%95%d7%a9-%d7%94-%d7%a1%d7%98%d7%95%d7%93%d7%a0%d7%98-%d7%99%d7%aa-%d7%9c%d7%99%d7%97%d7%99%d7%93%d7%aa-%d7%94%d7%a8%d7%95%d7%95%d7%97%d7%94-%d7%91%d7%9e%d7%a9%d7%a8%d7%93-%d7%94%d7%91/,,onsite,junior,huji
רכז/ת גיוס לחטיבת משאבי אנוש - כאן 11,LOGO 10,ירושלים,2026-03-23,https://hujicareer.co.il/jobs/%d7%a8%d7%9b%d7%96-%d7%aa-%d7%92%d7%99%d7%95%d7%a1-%d7%9c%d7%97%d7%98%d7%99%d7%91%d7%aa-%d7%9e%d7%a9%d7%90%d7%91%d7%99-%d7%90%d7%a0%d7%95%d7%a9-%d7%9b%d7%90%d7%9f-11/,,onsite,junior,huji
טכנאי/ת PC מתחיל/ה לחברת הייטק נחשבת,NessLogo,ירושלים,2026-03-23,https://hujicareer.co.il/jobs/%d7%98%d7%9b%d7%a0%d7%90%d7%99-%d7%aa-pc-%d7%9e%d7%aa%d7%97%d7%99%d7%9c-%d7%94-%d7%9c%d7%97%d7%91%d7%a8%d7%aa-%d7%94%d7%99%d7%99%d7%98%d7%a7-%d7%a0%d7%97%d7%a9%d7%91%d7%aa/,,onsite,junior,huji
דרוש.ה רכז.ת גיוס לקריה האקדמית אונו קמפוס ירושלים,OnoAcademic.svg,ירושלים,2026-03-23,https://hujicareer.co.il/jobs/%d7%93%d7%a8%d7%95%d7%a9-%d7%94-%d7%a8%d7%9b%d7%96-%d7%aa-%d7%92%d7%99%d7%95%d7%a1-%d7%9c%d7%a7%d7%a8%d7%99%d7%94-%d7%94%d7%90%d7%a7%d7%93%d7%9e%d7%99%d7%aa-%d7%90%d7%95%d7%a0%d7%95-%d7%a7%d7%9e%d7%a4/,,onsite,junior,huji
למשרד המשפטים חטיבת ניהול ההון האנושי דרוש סטודנט,MinistryOfJustice-300x239,ירושלים,2026-03-23,https://hujicareer.co.il/jobs/%d7%9c%d7%9e%d7%a9%d7%a8%d7%93-%d7%94%d7%9e%d7%a9%d7%a4%d7%98%d7%99%d7%9d-%d7%97%d7%98%d7%99%d7%91%d7%aa-%d7%a0%d7%99%d7%94%d7%95%d7%9c-%d7%94%d7%94%d7%95%d7%9f-%d7%94%d7%90%d7%a0%d7%95%d7%a9%d7%99/,,onsite,junior,huji
דרוש/ה מתאמ/ת מחקר למכון אלרגיה ואימונולוגיה ריאות ילדים במרכז הרפואי שמיר,111111,,2026-03-23,https://hujicareer.co.il/jobs/%d7%93%d7%a8%d7%95%d7%a9-%d7%94-%d7%9e%d7%aa%d7%90%d7%9e-%d7%aa-%d7%9e%d7%97%d7%a7%d7%a8-%d7%9c%d7%9e%d7%9b%d7%95%d7%9f-%d7%90%d7%9c%d7%a8%d7%92%d7%99%d7%94-%d7%95%d7%90%d7%99%d7%9e%d7%95%d7%a0-2/,,onsite,junior,huji
לחברת לוגיסטיקה דרוש/ה עוזר/ת אישי/ת / איש/ת תפעול,Screenshot 2026-03-23 103422,ירושלים,2026-03-23,https://hujicareer.co.il/jobs/%d7%9c%d7%97%d7%91%d7%a8%d7%aa-%d7%9c%d7%95%d7%92%d7%99%d7%a1%d7%98%d7%99%d7%a7%d7%94-%d7%93%d7%a8%d7%95%d7%a9-%d7%94-%d7%a2%d7%95%d7%96%d7%a8-%d7%aa-%d7%90%d7%99%d7%a9%d7%99-%d7%aa-%d7%90%d7%99/,,onsite,junior,huji
משרת סטודנט/ית - משרד מבקר המדינה ירושלים,news-img2,ירושלים,2026-03-18,https://hujicareer.co.il/jobs/%d7%9e%d7%a9%d7%a8%d7%aa-%d7%a1%d7%98%d7%95%d7%93%d7%a0%d7%98-%d7%99%d7%aa-%d7%9e%d7%a9%d7%a8%d7%93-%d7%9e%d7%91%d7%a7%d7%a8-%d7%94%d7%9e%d7%93%d7%99%d7%a0%d7%94-%d7%99%d7%a8%d7%95%d7%a9%d7%9c%d7%99/,,onsite,junior,huji
דרוש.ה רכז.ת פדגוגי.ת היברידי - מחשבה טובה,mtova_logo,ירושלים,2026-03-18,https://hujicareer.co.il/jobs/%d7%93%d7%a8%d7%95%d7%a9-%d7%94-%d7%a8%d7%9b%d7%96-%d7%aa-%d7%a4%d7%93%d7%92%d7%95%d7%92%d7%99-%d7%aa-%d7%94%d7%99%d7%91%d7%a8%d7%99%d7%93%d7%99-%d7%9e%d7%97%d7%a9%d7%91%d7%94-%d7%98%d7%95%d7%91/,,hybrid,junior,huji
לאגף מפא”ת במשרד הביטחון דרוש/ה סטודנט/ית בתחום קשרי חוץ טכנולוגיים,לוגו משרד הביטחון,תל אביב,2026-03-18,https://hujicareer.co.il/jobs/%d7%9c%d7%90%d7%92%d7%a3-%d7%9e%d7%a4%d7%90%d7%aa-%d7%91%d7%9e%d7%a9%d7%a8%d7%93-%d7%94%d7%91%d7%99%d7%98%d7%97%d7%95%d7%9f-%d7%93%d7%a8%d7%95%d7%a9-%d7%94-%d7%a1%d7%98%d7%95%d7%93%d7%a0-2/,,onsite,junior,huji
לאגף מפא”ת במשרד הביטחון דרוש/ה סטודנט/ית בתחום הטכנולוגי,לוגו משרד הביטחון,תל אביב,2026-03-18,https://hujicareer.co.il/jobs/%d7%9c%d7%90%d7%92%d7%a3-%d7%9e%d7%a4%d7%90%d7%aa-%d7%91%d7%9e%d7%a9%d7%a8%d7%93-%d7%94%d7%91%d7%99%d7%98%d7%97%d7%95%d7%9f-%d7%93%d7%a8%d7%95%d7%a9-%d7%94-%d7%a1%d7%98%d7%95%d7%93%d7%a0/,,onsite,junior,huji
סטודנטי/ת לפרויקט זמני בארכיון תאגיד השידור הישראלי,LOGO 10,ירושלים,2026-03-17,https://hujicareer.co.il/jobs/%d7%a1%d7%98%d7%95%d7%93%d7%a0%d7%98%d7%99-%d7%aa-%d7%9c%d7%a4%d7%a8%d7%95%d7%99%d7%a7%d7%98-%d7%96%d7%9e%d7%a0%d7%99-%d7%91%d7%90%d7%a8%d7%9b%d7%99%d7%95%d7%9f-%d7%aa%d7%90%d7%92%d7%99%d7%93-%d7%94/,,onsite,junior,huji
מפיק/ת תוכניות מתחיל/ה לחטיבת החדשות - כאן 11,LOGO 10,ירושלים,2026-03-17,https://hujicareer.co.il/jobs/%d7%9e%d7%a4%d7%99%d7%a7-%d7%aa-%d7%aa%d7%95%d7%9b%d7%a0%d7%99%d7%95%d7%aa-%d7%9e%d7%aa%d7%97%d7%99%d7%9c-%d7%94-%d7%9c%d7%97%d7%98%d7%99%d7%91%d7%aa-%d7%94%d7%97%d7%93%d7%a9%d7%95%d7%aa-%d7%9b-2/,,onsite,junior,huji
"דרושים: חוקר/ת שיווקי/ת מנוסה ו-עוזר/ת מחקר למכון ""רותם AR""",HUJI Career,תל אביב,2026-03-17,https://hujicareer.co.il/jobs/%d7%93%d7%a8%d7%95%d7%a9%d7%99%d7%9d-%d7%97%d7%95%d7%a7%d7%a8-%d7%aa-%d7%a9%d7%99%d7%95%d7%95%d7%a7%d7%99-%d7%aa-%d7%9e%d7%a0%d7%95%d7%a1%d7%94-%d7%95-%d7%a2%d7%95%d7%96%d7%a8-%d7%aa-%d7%9e%d7%97/,,onsite,junior,huji
עובד/ת מעבדה - הפקולטה לרפואה והפקולטה לרפואת שיניים,HUJI Career,ירושלים,2026-03-17,https://hujicareer.co.il/jobs/%d7%a2%d7%95%d7%91%d7%93-%d7%aa-%d7%9e%d7%a2%d7%91%d7%93%d7%94-%d7%94%d7%a4%d7%a7%d7%95%d7%9c%d7%98%d7%94-%d7%9c%d7%a8%d7%a4%d7%95%d7%90%d7%94-%d7%95%d7%94%d7%a4%d7%a7%d7%95%d7%9c%d7%98%d7%94-%d7%9c-2/,,onsite,junior,huji
עובד/ת מעבדה - בית הספר לרוקחות,HUJI Career,ירושלים,2026-03-17,https://hujicareer.co.il/jobs/%d7%a2%d7%95%d7%91%d7%93-%d7%aa-%d7%9e%d7%a2%d7%91%d7%93%d7%94-%d7%91%d7%99%d7%aa-%d7%94%d7%a1%d7%a4%d7%a8-%d7%9c%d7%a8%d7%95%d7%a7%d7%97%d7%95%d7%aa-4/,,onsite,junior,huji
מנהלן/ית הוראה ותלמידים - הפקולטה למשפטים,HUJI Career,ירושלים,2026-03-17,https://hujicareer.co.il/jobs/%d7%9e%d7%a0%d7%94%d7%9c%d7%9f-%d7%99%d7%aa-%d7%94%d7%95%d7%a8%d7%90%d7%94-%d7%95%d7%aa%d7%9c%d7%9e%d7%99%d7%93%d7%99%d7%9d-%d7%94%d7%a4%d7%a7%d7%95%d7%9c%d7%98%d7%94-%d7%9c%d7%9e%d7%a9%d7%a4%d7%98-2/,,onsite,junior,huji
דרוש/ה רפרנט.ית ליחידת הפיקוח על שירותי מידע ותשלומים לרשות ניירות ערך,Logo_israel_securities_authority,תל אביב,2026-03-17,https://hujicareer.co.il/jobs/%d7%93%d7%a8%d7%95%d7%a9-%d7%94-%d7%a8%d7%a4%d7%a8%d7%a0%d7%98-%d7%99%d7%aa-%d7%9c%d7%99%d7%97%d7%99%d7%93%d7%aa-%d7%94%d7%a4%d7%99%d7%a7%d7%95%d7%97-%d7%a2%d7%9c-%d7%a9%d7%99%d7%a8%d7%95%d7%aa%d7%99/,,onsite,junior,huji
כלכלן/ית בחברה לרישומים של הבורסה לניירות ערך - מח' הסליקה,tasa,תל אביב,2026-03-17,https://hujicareer.co.il/jobs/%d7%9b%d7%9c%d7%9b%d7%9c%d7%9f-%d7%99%d7%aa-%d7%91%d7%97%d7%91%d7%a8%d7%94-%d7%9c%d7%a8%d7%99%d7%a9%d7%95%d7%9e%d7%99%d7%9d-%d7%a9%d7%9c-%d7%94%d7%91%d7%95%d7%a8%d7%a1%d7%94-%d7%9c%d7%a0%d7%99%d7%99/,,onsite,junior,huji
ראש/ת צוות דיווח ובקרה - הרשות למחקר ופיתוח,HUJI Career,ירושלים,2026-03-17,https://hujicareer.co.il/jobs/%d7%a8%d7%90%d7%a9-%d7%aa-%d7%a6%d7%95%d7%95%d7%aa-%d7%93%d7%99%d7%95%d7%95%d7%97-%d7%95%d7%91%d7%a7%d7%a8%d7%94-%d7%94%d7%a8%d7%a9%d7%95%d7%aa-%d7%9c%d7%9e%d7%97%d7%a7%d7%a8-%d7%95%d7%a4%d7%99-2/,,onsite,junior,huji
ראש/ת תחום פיתוח והפעלת מקורות ביחידת המודיעין של רשות ניירות ערך,Logo_israel_securities_authority,תל אביב,2026-03-17,https://hujicareer.co.il/jobs/%d7%a8%d7%90%d7%a9-%d7%aa-%d7%aa%d7%97%d7%95%d7%9d-%d7%a4%d7%99%d7%aa%d7%95%d7%97-%d7%95%d7%94%d7%a4%d7%a2%d7%9c%d7%aa-%d7%9e%d7%a7%d7%95%d7%a8%d7%95%d7%aa-%d7%91%d7%99%d7%97%d7%99%d7%93%d7%aa-%d7%94/,,onsite,junior,huji
מדריכ/ה שיקומי/ת,67c5b05f67198aaaac905160_לוגו ידיד נפש,,2026-03-16,https://hujicareer.co.il/jobs/%d7%9e%d7%93%d7%a8%d7%99%d7%9b-%d7%94-%d7%a9%d7%99%d7%a7%d7%95%d7%9e%d7%99-%d7%aa/,,onsite,junior,huji
סטודנטים/ות בהשלמות תואר שני בעבודה סוציאלית/שנה ג' בתואר שני בטיפול באומנות/פסיכודרמה,67c5b05f67198aaaac905160_לוגו ידיד נפש,ירושלים,2026-03-16,https://hujicareer.co.il/jobs/%d7%a1%d7%98%d7%95%d7%93%d7%a0%d7%98%d7%99%d7%9d-%d7%95%d7%aa-%d7%91%d7%94%d7%a9%d7%9c%d7%9e%d7%95%d7%aa-%d7%aa%d7%95%d7%90%d7%a8-%d7%a9%d7%a0%d7%99-%d7%91%d7%a2%d7%91%d7%95%d7%93%d7%94-%d7%a1%d7%95/,,onsite,junior,huji
מתאמ/ת טיפול,67c5b05f67198aaaac905160_לוגו ידיד נפש,,2026-03-16,https://hujicareer.co.il/jobs/%d7%9e%d7%aa%d7%90%d7%9e-%d7%aa-%d7%98%d7%99%d7%a4%d7%95%d7%9c/,,onsite,junior,huji
Forensic & AI Data Scientist,Logo_israel_securities_authority,תל אביב,2026-03-16,https://hujicareer.co.il/jobs/forensic-ai-data-scientist/,,onsite,junior,huji
מנהל/ת משרד לחברת ייעוץ בתחום הקיימות,KVS-Logo-2,תל אביב,2026-03-15,https://hujicareer.co.il/jobs/%d7%9e%d7%a0%d7%94%d7%9c-%d7%aa-%d7%9e%d7%a9%d7%a8%d7%93-%d7%9c%d7%97%d7%91%d7%a8%d7%aa-%d7%99%d7%99%d7%a2%d7%95%d7%a5-%d7%91%d7%aa%d7%97%d7%95%d7%9d-%d7%94%d7%a7%d7%99%d7%99%d7%9e%d7%95%d7%aa/,,onsite,junior,huji
איש/אשת מכירות לחברת ייעוץ בתחום הקיימות,KVS-Logo-2,תל אביב,2026-03-15,https://hujicareer.co.il/jobs/%d7%90%d7%99%d7%a9-%d7%90%d7%a9%d7%aa-%d7%9e%d7%9b%d7%99%d7%a8%d7%95%d7%aa-%d7%9c%d7%97%d7%91%d7%a8%d7%aa-%d7%99%d7%99%d7%a2%d7%95%d7%a5-%d7%91%d7%aa%d7%97%d7%95%d7%9d-%d7%94%d7%a7%d7%99%d7%99%d7%9e/,,onsite,junior,huji
Tech Manufacturing - טכנאי/ת בית חיות לחברת Merck,11125LOW_MERCKLOGOMAGENTAR-PROIMG,רחובות,2026-03-15,https://hujicareer.co.il/jobs/tech-manufacturing-%d7%98%d7%9b%d7%a0%d7%90%d7%99-%d7%aa-%d7%91%d7%99%d7%aa-%d7%97%d7%99%d7%95%d7%aa-%d7%9c%d7%97%d7%91%d7%a8%d7%aa-merck/,,onsite,junior,huji
Student Administrator – International Office (Maternity Cover),HUJI Career,ירושלים,2026-03-15,https://hujicareer.co.il/jobs/student-administrator-international-office/,,onsite,junior,huji
לאגף חיילים משוחררים ומילואים דרוש/ה ע' בכיר לתיאום ובקרה,לוגו משרד הביטחון,,2026-03-15,https://hujicareer.co.il/jobs/%d7%9c%d7%90%d7%92%d7%a3-%d7%97%d7%99%d7%99%d7%9c%d7%99%d7%9d-%d7%9e%d7%a9%d7%95%d7%97%d7%a8%d7%a8%d7%99%d7%9d-%d7%95%d7%9e%d7%99%d7%9c%d7%95%d7%90%d7%99%d7%9d-%d7%93%d7%a8%d7%95%d7%a9-%d7%94-%d7%a2/,,onsite,junior,huji
דרוש/ה ר' תחום בינוי ופרוייקטים לאגף מבצעים לוגיסטיים ונכסים במשרד הביטחון,לוגו משרד הביטחון,תל אביב,2026-03-15,https://hujicareer.co.il/jobs/%d7%93%d7%a8%d7%95%d7%a9-%d7%94-%d7%a8-%d7%aa%d7%97%d7%95%d7%9d-%d7%91%d7%99%d7%a0%d7%95%d7%99-%d7%95%d7%a4%d7%a8%d7%95%d7%99%d7%99%d7%a7%d7%98%d7%99%d7%9d-%d7%9c%d7%90%d7%92%d7%a3-%d7%9e%d7%91-2/,,onsite,junior,huji
דרוש/ה מנהל/ת תחום מחקר למחלקה הציבורית,final_logo,,2026-03-15,https://hujicareer.co.il/jobs/%d7%93%d7%a8%d7%95%d7%a9-%d7%94-%d7%9e%d7%a0%d7%94%d7%9c-%d7%aa-%d7%aa%d7%97%d7%95%d7%9d-%d7%9e%d7%97%d7%a7%d7%a8-%d7%9c%d7%9e%d7%97%d7%9c%d7%a7%d7%94-%d7%94%d7%a6%d7%99%d7%91%d7%95%d7%a8%d7%99-2/,,onsite,junior,huji
מנהל/ת חשבונות לחטיבת הכספים והתפעול - כאן 11,LOGO 10,ירושלים,2026-03-15,https://hujicareer.co.il/jobs/%d7%9e%d7%a0%d7%94%d7%9c-%d7%aa-%d7%97%d7%a9%d7%91%d7%95%d7%a0%d7%95%d7%aa-%d7%9c%d7%97%d7%98%d7%99%d7%91%d7%aa-%d7%94%d7%9b%d7%a1%d7%a4%d7%99%d7%9d-%d7%95%d7%94%d7%aa%d7%a4%d7%a2%d7%95%d7%9c-%d7%9b/,,onsite,junior,huji
סטודנט/ית כותב/ת תוכן בבית הספר למנהל עסקים,HUJI Career,ירושלים,2026-03-12,https://hujicareer.co.il/jobs/%d7%a1%d7%98%d7%95%d7%93%d7%a0%d7%98-%d7%99%d7%aa-%d7%9b%d7%95%d7%aa%d7%91-%d7%aa-%d7%aa%d7%95%d7%9b%d7%9f-%d7%91%d7%91%d7%99%d7%aa-%d7%94%d7%a1%d7%a4%d7%a8-%d7%9c%d7%9e%d7%a0%d7%94%d7%9c-%d7%a2%d7%a1/,,onsite,junior,huji
רכז/ת אדמיניסטרטיבי/ת - האוניברסיטה העברית לנוער,HUJI Career,ירושלים,2026-03-12,https://hujicareer.co.il/jobs/%d7%a8%d7%9b%d7%96-%d7%aa-%d7%90%d7%93%d7%9e%d7%99%d7%a0%d7%99%d7%a1%d7%98%d7%a8%d7%98%d7%99%d7%91%d7%99-%d7%aa-%d7%94%d7%90%d7%95%d7%a0%d7%99%d7%91%d7%a8%d7%a1%d7%99%d7%98%d7%94-%d7%94%d7%a2%d7%91/,,onsite,junior,huji
רכז/ת היחידה ללימודי שפות - הפקולטה למדעי הרוח,HUJI Career,ירושלים,2026-03-12,https://hujicareer.co.il/jobs/%d7%a8%d7%9b%d7%96-%d7%aa-%d7%94%d7%99%d7%97%d7%99%d7%93%d7%94-%d7%9c%d7%9c%d7%99%d7%9e%d7%95%d7%93%d7%99-%d7%a9%d7%a4%d7%95%d7%aa-%d7%94%d7%a4%d7%a7%d7%95%d7%9c%d7%98%d7%94-%d7%9c%d7%9e%d7%93%d7%a2/,,onsite,junior,huji
עובד/ת מעבדה - המכון למדעי החיים,HUJI Career,ירושלים,2026-03-12,https://hujicareer.co.il/jobs/%d7%a2%d7%95%d7%91%d7%93-%d7%aa-%d7%9e%d7%a2%d7%91%d7%93%d7%94-%d7%94%d7%9e%d7%9b%d7%95%d7%9f-%d7%9c%d7%9e%d7%93%d7%a2%d7%99-%d7%94%d7%97%d7%99%d7%99%d7%9d/,,onsite,junior,huji
רכז/ת פרויקט ERC - בית הספר לרוקחות,HUJI Career,ירושלים,2026-03-12,https://hujicareer.co.il/jobs/%d7%a8%d7%9b%d7%96-%d7%aa-%d7%a4%d7%a8%d7%95%d7%99%d7%a7%d7%98-erc-%d7%91%d7%99%d7%aa-%d7%94%d7%a1%d7%a4%d7%a8-%d7%9c%d7%a8%d7%95%d7%a7%d7%97%d7%95%d7%aa/,,onsite,junior,huji
סטודנט/ית באגף אומנויות במנהל תרבות - משרד התרבות והספורט,HUJI Career,ירושלים,2026-03-11,https://hujicareer.co.il/jobs/%d7%a1%d7%98%d7%95%d7%93%d7%a0%d7%98-%d7%99%d7%aa-%d7%91%d7%90%d7%92%d7%a3-%d7%90%d7%95%d7%9e%d7%a0%d7%95%d7%99%d7%95%d7%aa-%d7%91%d7%9e%d7%a0%d7%94%d7%9c-%d7%aa%d7%a8%d7%91%d7%95%d7%aa-%d7%9e%d7%a9/,,onsite,junior,huji
סטודנט/ית ללשכה המשפטית במשרד לשוויון חברתי וקידום מעמד האישה,1234,ירושלים,2026-03-11,https://hujicareer.co.il/jobs/%d7%a1%d7%98%d7%95%d7%93%d7%a0%d7%98-%d7%99%d7%aa-%d7%9c%d7%9c%d7%a9%d7%9b%d7%94-%d7%94%d7%9e%d7%a9%d7%a4%d7%98%d7%99%d7%aa-%d7%91%d7%9e%d7%a9%d7%a8%d7%93-%d7%9c%d7%a9%d7%95%d7%95%d7%99%d7%95%d7%9f/,,onsite,junior,huji
סטודנט/ית למחלקת דוברות והסברה במשרד לשוויון חברתי וקידום מעמד האישה,1234,ירושלים,2026-03-11,https://hujicareer.co.il/jobs/%d7%a1%d7%98%d7%95%d7%93%d7%a0%d7%98-%d7%99%d7%aa-%d7%9c%d7%9e%d7%97%d7%9c%d7%a7%d7%aa-%d7%93%d7%95%d7%91%d7%a8%d7%95%d7%aa-%d7%95%d7%94%d7%a1%d7%91%d7%a8%d7%94-%d7%91%d7%9e%d7%a9%d7%a8%d7%93-%d7%9c/,,onsite,junior,huji
צוות התוכניות לנוער מוכשר במתמטיקה מחפשים מורים מעולים,c3,,2026-03-11,https://hujicareer.co.il/jobs/%d7%a6%d7%95%d7%95%d7%aa-%d7%94%d7%aa%d7%95%d7%9b%d7%a0%d7%99%d7%95%d7%aa-%d7%9c%d7%a0%d7%95%d7%a2%d7%a8-%d7%9e%d7%95%d7%9b%d7%a9%d7%a8-%d7%91%d7%9e%d7%aa%d7%9e%d7%98%d7%99%d7%a7%d7%94-%d7%9e%d7%97/,,onsite,junior,huji
מפיק/ה במשרה חלקית לחטיבת הדיגיטל בשפה הערבית - כאן 11,LOGO 10,חיפה,2026-03-10,https://hujicareer.co.il/jobs/%d7%9e%d7%a4%d7%99%d7%a7-%d7%94-%d7%91%d7%9e%d7%a9%d7%a8%d7%94-%d7%97%d7%9c%d7%a7%d7%99%d7%aa-%d7%9c%d7%97%d7%98%d7%99%d7%91%d7%aa-%d7%94%d7%93%d7%99%d7%92%d7%99%d7%98%d7%9c-%d7%91%d7%a9%d7%a4%d7%94/,,onsite,junior,huji
ראש/ת צוות סושיאל לחטיבת הדיגיטל - כאן 11,LOGO 10,,2026-03-10,https://hujicareer.co.il/jobs/%d7%a8%d7%90%d7%a9-%d7%aa-%d7%a6%d7%95%d7%95%d7%aa-%d7%a1%d7%95%d7%a9%d7%99%d7%90%d7%9c-%d7%9c%d7%97%d7%98%d7%99%d7%91%d7%aa-%d7%94%d7%93%d7%99%d7%92%d7%99%d7%98%d7%9c-%d7%9b%d7%90%d7%9f-11/,,onsite,junior,huji
למשרד ימין ג'ורג'י ושות' דרוש/ה מתמחה רואה חשבון/כלכלן,c3,ירושלים,2026-03-10,https://hujicareer.co.il/jobs/%d7%9c%d7%9e%d7%a9%d7%a8%d7%93-%d7%99%d7%9e%d7%99%d7%9f-%d7%92%d7%95%d7%a8%d7%92%d7%99-%d7%95%d7%a9%d7%95%d7%aa-%d7%93%d7%a8%d7%95%d7%a9-%d7%94-%d7%9e%d7%aa%d7%9e%d7%97%d7%94-%d7%a8%d7%95%d7%90/,,onsite,junior,huji
דסקאי.ת ליחידת המודיעין ברשות לניירות ערך - משרה לבעלי מוגבלויות,Logo_israel_securities_authority,תל אביב,2026-03-10,https://hujicareer.co.il/jobs/%d7%93%d7%a1%d7%a7%d7%90%d7%99-%d7%aa-%d7%9c%d7%99%d7%97%d7%99%d7%93%d7%aa-%d7%94%d7%9e%d7%95%d7%93%d7%99%d7%a2%d7%99%d7%9f-%d7%91%d7%a8%d7%a9%d7%95%d7%aa-%d7%9c%d7%a0%d7%99%d7%99%d7%a8%d7%95%d7%aa/,,onsite,junior,huji
Junior Software Engineer,APPLIED_Impact_Logo_blue_header,רחובות,2026-03-10,https://hujicareer.co.il/jobs/junior-software-engineer/,,onsite,junior,huji
Student Algorithm Developer – Machine Learning & Computer Vision,APPLIED_Impact_Logo_blue_header,רחובות,2026-03-10,https://hujicareer.co.il/jobs/student-algorithm-developer-machine-learning-computer-vision/,,onsite,junior,huji
רכז/ת תקציבי מחקר - הפקולטה למדעי הרוח,HUJI Career,ירושלים,2026-03-10,https://hujicareer.co.il/jobs/%d7%a8%d7%9b%d7%96-%d7%aa-%d7%aa%d7%a7%d7%a6%d7%99%d7%91%d7%99-%d7%9e%d7%97%d7%a7%d7%a8-%d7%94%d7%a4%d7%a7%d7%95%d7%9c%d7%98%d7%94-%d7%9c%d7%9e%d7%93%d7%a2%d7%99-%d7%94%d7%a8%d7%95%d7%97/,,onsite,junior,huji
מומחים אקדמיים לתפקיד שקילת תואר שלישי לעולים חדשים,c3,מהבית,2026-03-10,https://hujicareer.co.il/jobs/%d7%9e%d7%95%d7%9e%d7%97%d7%99%d7%9d-%d7%90%d7%a7%d7%93%d7%9e%d7%99%d7%99%d7%9d-%d7%9c%d7%aa%d7%a4%d7%a7%d7%99%d7%93-%d7%a9%d7%a7%d7%99%d7%9c%d7%aa-%d7%aa%d7%95%d7%90%d7%a8-%d7%a9%d7%9c%d7%99%d7%a9/,,remote,junior,huji
רכז/ת מכון המחקר ליהדות זמננו - הפקולטה למדעי הרוח,HUJI Career,ירושלים,2026-03-10,https://hujicareer.co.il/jobs/%d7%a8%d7%9b%d7%96-%d7%aa-%d7%9e%d7%9b%d7%95%d7%9f-%d7%94%d7%9e%d7%97%d7%a7%d7%a8-%d7%9c%d7%99%d7%94%d7%93%d7%95%d7%aa-%d7%96%d7%9e%d7%a0%d7%a0%d7%95-%d7%94%d7%a4%d7%a7%d7%95%d7%9c%d7%98%d7%94/,,onsite,junior,huji
רכז/ת לשכת נשיא – לשכת נשיא האוניברסיטה,HUJI Career,ירושלים,2026-03-10,https://hujicareer.co.il/jobs/%d7%a8%d7%9b%d7%96-%d7%aa-%d7%9c%d7%a9%d7%9b%d7%aa-%d7%a0%d7%a9%d7%99%d7%90-%d7%9c%d7%a9%d7%9b%d7%aa-%d7%a0%d7%a9%d7%99%d7%90-%d7%94%d7%90%d7%95%d7%a0%d7%99%d7%91%d7%a8%d7%a1%d7%99%d7%98/,,onsite,junior,huji
נציג/ת מכירות תחום נוירוכירורגיה,לוגו-חברה-צמל-מדיקל-חדש-3.9.2020,,2026-03-09,https://hujicareer.co.il/jobs/%d7%a0%d7%a6%d7%99%d7%92-%d7%aa-%d7%9e%d7%9b%d7%99%d7%a8%d7%95%d7%aa-%d7%aa%d7%97%d7%95%d7%9d-%d7%a0%d7%95%d7%99%d7%a8%d7%95%d7%9b%d7%99%d7%a8%d7%95%d7%a8%d7%92%d7%99%d7%94/,,onsite,junior,huji
מנטור/ית במחלקת העסקים במכללת ספיר זיסמן,c3,,2026-03-09,https://hujicareer.co.il/jobs/%d7%9e%d7%a0%d7%98%d7%95%d7%a8-%d7%99%d7%aa-%d7%91%d7%9e%d7%97%d7%9c%d7%a7%d7%aa-%d7%94%d7%a2%d7%a1%d7%a7%d7%99%d7%9d-%d7%91%d7%9e%d7%9b%d7%9c%d7%9c%d7%aa-%d7%a1%d7%a4%d7%99%d7%a8-%d7%96%d7%99%d7%a1/,,onsite,junior,huji
דרושה עוזרת הפקה וניהול לחברת ההפקה ניצוצות אירועים בירושלים,hqdefault,ירושלים,2026-03-09,https://hujicareer.co.il/jobs/%d7%93%d7%a8%d7%95%d7%a9%d7%94-%d7%a2%d7%95%d7%96%d7%a8%d7%aa-%d7%94%d7%a4%d7%a7%d7%94-%d7%95%d7%a0%d7%99%d7%94%d7%95%d7%9c-%d7%9c%d7%97%d7%91%d7%a8%d7%aa-%d7%94%d7%94%d7%a4%d7%a7%d7%94-%d7%a0%d7%99/,,onsite,junior,huji
"סמנכ""ל/ית בינוי ותשתיות",HUJI Career,ירושלים,2026-03-08,https://hujicareer.co.il/jobs/%d7%a1%d7%9e%d7%a0%d7%9b%d7%9c-%d7%99%d7%aa-%d7%91%d7%99%d7%a0%d7%95%d7%99-%d7%95%d7%aa%d7%a9%d7%aa%d7%99%d7%95%d7%aa/,,onsite,junior,huji
מנהל.ת מותג חטיבת היוקרה - לוריאל ישראל,לוגו לוריאל,נתניה,2026-03-08,https://hujicareer.co.il/jobs/%d7%9e%d7%a0%d7%94%d7%9c-%d7%aa-%d7%9e%d7%95%d7%aa%d7%92-%d7%97%d7%98%d7%99%d7%91%d7%aa-%d7%94%d7%99%d7%95%d7%a7%d7%a8%d7%94-%d7%9c%d7%95%d7%a8%d7%99%d7%90%d7%9c-%d7%99%d7%a9%d7%a8%d7%90%d7%9c/,,onsite,junior,huji
עוזר/ת מחקר לתוכנית החברה החרדית במכון הישראלי לדמוקרטיה,images,ירושלים,2026-03-08,https://hujicareer.co.il/jobs/%d7%a2%d7%95%d7%96%d7%a8-%d7%aa-%d7%9e%d7%97%d7%a7%d7%a8-%d7%9c%d7%aa%d7%95%d7%9b%d7%a0%d7%99%d7%aa-%d7%94%d7%97%d7%91%d7%a8%d7%94-%d7%94%d7%97%d7%a8%d7%93%d7%99%d7%aa-%d7%91%d7%9e%d7%9b%d7%95%d7%9f/,,onsite,junior,huji
Data Analyst at G-STAT,avatars-TxxHpEwPqWyEfq9l-XV9eTg-t500x500,תל אביב,2026-03-08,https://hujicareer.co.il/jobs/data-analyst-at-g-stat/,,onsite,junior,huji
דרוש/ה כימאי/ת אנליטיקאי/ת לחברת פארמה בירושלים,c3,ירושלים,2026-03-05,https://hujicareer.co.il/jobs/%d7%93%d7%a8%d7%95%d7%a9-%d7%94-%d7%9b%d7%99%d7%9e%d7%90%d7%99-%d7%aa-%d7%90%d7%a0%d7%9c%d7%99%d7%98%d7%99%d7%a7%d7%90%d7%99-%d7%aa-%d7%9c%d7%97%d7%91%d7%a8%d7%aa-%d7%a4%d7%90%d7%a8%d7%9e%d7%94-%d7%91/,,onsite,junior,huji
טכנאי/ת אלקטרוניקה למרכז למדעי המוח,ELSC LOGO,ירושלים,2026-03-05,https://hujicareer.co.il/jobs/%d7%98%d7%9b%d7%a0%d7%90%d7%99-%d7%aa-%d7%90%d7%9c%d7%a7%d7%98%d7%a8%d7%95%d7%a0%d7%99%d7%a7%d7%94-%d7%9c%d7%9e%d7%a8%d7%9b%d7%96-%d7%9c%d7%9e%d7%93%d7%a2%d7%99-%d7%94%d7%9e%d7%95%d7%97/,,onsite,junior,huji
מרכז/ת ביקורת פנימית במשרד החינוך,HUJI Career,ירושלים,2026-03-05,https://hujicareer.co.il/jobs/%d7%9e%d7%a8%d7%9b%d7%96-%d7%aa-%d7%91%d7%99%d7%a7%d7%95%d7%a8%d7%aa-%d7%a4%d7%a0%d7%99%d7%9e%d7%99%d7%aa-%d7%91%d7%9e%d7%a9%d7%a8%d7%93-%d7%94%d7%97%d7%99%d7%a0%d7%95%d7%9a/,,onsite,junior,huji
סטודנט/ית למחלקת הביקורת הפנימית במשרד החינוך,HUJI Career,ירושלים,2026-03-05,https://hujicareer.co.il/jobs/%d7%a1%d7%98%d7%95%d7%93%d7%a0%d7%98-%d7%99%d7%aa-%d7%9c%d7%9e%d7%97%d7%9c%d7%a7%d7%aa-%d7%94%d7%91%d7%99%d7%a7%d7%95%d7%a8%d7%aa-%d7%94%d7%a4%d7%a0%d7%99%d7%9e%d7%99%d7%aa-%d7%91%d7%9e%d7%a9%d7%a8/,,onsite,junior,huji
משרות סטודנט/ית פתוחות באסם נסטלה,HUJI Career,,2026-03-05,https://hujicareer.co.il/jobs/%d7%9e%d7%a9%d7%a8%d7%95%d7%aa-%d7%a1%d7%98%d7%95%d7%93%d7%a0%d7%98-%d7%99%d7%aa-%d7%a4%d7%aa%d7%95%d7%97%d7%95%d7%aa-%d7%91%d7%90%d7%a1%d7%9d-%d7%a0%d7%a1%d7%98%d7%9c%d7%94/,,onsite,junior,huji
מגוון משרות פנויות באסם נסטלה,HUJI Career,,2026-03-05,https://hujicareer.co.il/jobs/%d7%9e%d7%92%d7%95%d7%95%d7%9f-%d7%9e%d7%a9%d7%a8%d7%95%d7%aa-%d7%a4%d7%a0%d7%95%d7%99%d7%95%d7%aa-%d7%91%d7%90%d7%a1%d7%9d-%d7%a0%d7%a1%d7%98%d7%9c%d7%94/,,onsite,junior,huji
מגוון משרות סטודנט/ית בבנק ישראל!,Bank_of_Israel_Seal.svg,ירושלים,2026-03-03,https://hujicareer.co.il/jobs/%d7%9e%d7%92%d7%95%d7%95%d7%9f-%d7%9e%d7%a9%d7%a8%d7%95%d7%aa-%d7%a1%d7%98%d7%95%d7%93%d7%a0%d7%98-%d7%99%d7%aa-%d7%91%d7%91%d7%a0%d7%a7-%d7%99%d7%a9%d7%a8%d7%90%d7%9c/,,onsite,junior,huji
רכז/ת תקשורת ישראלית לאגף שיווק ותקשורת,HUJI Career,ירושלים,2026-03-03,https://hujicareer.co.il/jobs/%d7%a8%d7%9b%d7%96-%d7%aa-%d7%aa%d7%a7%d7%a9%d7%95%d7%a8%d7%aa-%d7%99%d7%a9%d7%a8%d7%90%d7%9c%d7%99%d7%aa-%d7%9c%d7%90%d7%92%d7%a3-%d7%a9%d7%99%d7%95%d7%95%d7%a7-%d7%95%d7%aa%d7%a7%d7%a9%d7%95%d7%a8/,,onsite,junior,huji
טכנאי/ת בכיר/ה - מרכז למדעי המוח,HUJI Career,ירושלים,2026-03-03,https://hujicareer.co.il/jobs/%d7%98%d7%9b%d7%a0%d7%90%d7%99-%d7%aa-%d7%91%d7%9b%d7%99%d7%a8-%d7%94-%d7%9e%d7%a8%d7%9b%d7%96-%d7%9c%d7%9e%d7%93%d7%a2%d7%99-%d7%94%d7%9e%d7%95%d7%97/,,onsite,junior,huji
עורך/ת משנה לחטיבת החדשות - כאן 11,LOGO 10,ירושלים,2026-03-02,https://hujicareer.co.il/jobs/%d7%a2%d7%95%d7%a8%d7%9a-%d7%aa-%d7%9e%d7%a9%d7%a0%d7%94-%d7%9c%d7%97%d7%98%d7%99%d7%91%d7%aa-%d7%94%d7%97%d7%93%d7%a9%d7%95%d7%aa-%d7%9b%d7%90%d7%9f-11/,,onsite,junior,huji
חשב/ת לחברה ציבורית,c3,ראשון לציון,2026-03-02,https://hujicareer.co.il/jobs/%d7%97%d7%a9%d7%91-%d7%aa-%d7%9c%d7%97%d7%91%d7%a8%d7%94-%d7%a6%d7%99%d7%91%d7%95%d7%a8%d7%99%d7%aa/,,onsite,junior,huji
רכז.ת פיתוח תוכניות מנהיגות ולמידה לספרייה הלאומית,HUJI Career,ירושלים,2026-03-02,https://hujicareer.co.il/jobs/%d7%a8%d7%9b%d7%96-%d7%aa-%d7%a4%d7%99%d7%aa%d7%95%d7%97-%d7%aa%d7%95%d7%9b%d7%a0%d7%99%d7%95%d7%aa-%d7%9e%d7%a0%d7%94%d7%99%d7%92%d7%95%d7%aa-%d7%95%d7%9c%d7%9e%d7%99%d7%93%d7%94-%d7%9c%d7%a1%d7%a4/,,onsite,junior,huji
דרוש סטודנט לרשות התאגידים מחלקת ועדת העיזבונות בירושלים,download (1),ירושלים,2026-03-01,https://hujicareer.co.il/jobs/%d7%93%d7%a8%d7%95%d7%a9-%d7%a1%d7%98%d7%95%d7%93%d7%a0%d7%98-%d7%9c%d7%a8%d7%a9%d7%95%d7%aa-%d7%94%d7%aa%d7%90%d7%92%d7%99%d7%93%d7%99%d7%9d-%d7%9e%d7%97%d7%9c%d7%a7%d7%aa-%d7%95%d7%a2%d7%93%d7%aa/,,onsite,junior,huji
מנהל/ת תפעול בכיר/ה לחברת סיעוד,c3,רמת גן,2026-03-01,https://hujicareer.co.il/jobs/%d7%9e%d7%a0%d7%94%d7%9c-%d7%aa-%d7%aa%d7%a4%d7%a2%d7%95%d7%9c-%d7%91%d7%9b%d7%99%d7%a8-%d7%94-%d7%9c%d7%97%d7%91%d7%a8%d7%aa-%d7%a1%d7%99%d7%a2%d7%95%d7%93/,,onsite,junior,huji
סטודנט/ית לתפקיד עוזר/ת הפקה לחטיבת החדשות,LOGO 10,ירושלים,2026-03-01,https://hujicareer.co.il/jobs/%d7%a1%d7%98%d7%95%d7%93%d7%a0%d7%98-%d7%99%d7%aa-%d7%9c%d7%aa%d7%a4%d7%a7%d7%99%d7%93-%d7%a2%d7%95%d7%96%d7%a8-%d7%aa-%d7%94%d7%a4%d7%a7%d7%94-%d7%9c%d7%97%d7%98%d7%99%d7%91%d7%aa-%d7%94%d7%97%d7%93/,,onsite,junior,huji
עורך/ת ו/או מגיש/ה במשרה חלקית לתחנת כאן מורשת בחטיבת הרדיו,LOGO 10,ירושלים,2026-03-01,https://hujicareer.co.il/jobs/%d7%a2%d7%95%d7%a8%d7%9a-%d7%aa-%d7%95-%d7%90%d7%95-%d7%9e%d7%92%d7%99%d7%a9-%d7%94-%d7%91%d7%9e%d7%a9%d7%a8%d7%94-%d7%97%d7%9c%d7%a7%d7%99%d7%aa-%d7%9c%d7%aa%d7%97%d7%a0%d7%aa-%d7%9b%d7%90%d7%9f/,,onsite,junior,huji
סטודנט/ית מפעיל/ת עמדת גרפיקה לחדר שידור בחטיבת ההנדסה - כאן 11,LOGO 10,ירושלים,2026-03-01,https://hujicareer.co.il/jobs/%d7%a1%d7%98%d7%95%d7%93%d7%a0%d7%98-%d7%99%d7%aa-%d7%9e%d7%a4%d7%a2%d7%99%d7%9c-%d7%aa-%d7%a2%d7%9e%d7%93%d7%aa-%d7%92%d7%a8%d7%a4%d7%99%d7%a7%d7%94-%d7%9c%d7%97%d7%93%d7%a8-%d7%a9%d7%99%d7%93%d7%95/,,onsite,junior,huji
Procurement and Grants Officer - UNOPS,unopsv1-01,ירושלים,2026-03-01,https://hujicareer.co.il/jobs/procurement-and-grants-officer-unmas/,,onsite,junior,huji
מרכז/ת חוזים והתקשרויות מתחיל/ה לארגון ציבורי מוביל בירושלים,c3,ירושלים,2026-02-26,https://hujicareer.co.il/jobs/%d7%9e%d7%a8%d7%9b%d7%96-%d7%aa-%d7%97%d7%95%d7%96%d7%99%d7%9d-%d7%95%d7%94%d7%aa%d7%a7%d7%a9%d7%a8%d7%95%d7%99%d7%95%d7%aa-%d7%9e%d7%aa%d7%97%d7%99%d7%9c-%d7%94-%d7%9c%d7%90%d7%a8%d7%92%d7%95%d7%9f/,,onsite,junior,huji
סטודנט/ית לאגף חשבים מלווים ומינויים במשרד הפנים בירושלים,משרד הפנים לוגו,ירושלים,2026-02-26,https://hujicareer.co.il/jobs/%d7%a1%d7%98%d7%95%d7%93%d7%a0%d7%98-%d7%99%d7%aa-%d7%9c%d7%90%d7%92%d7%a3-%d7%97%d7%a9%d7%91%d7%99%d7%9d-%d7%9e%d7%9c%d7%95%d7%95%d7%99%d7%9d-%d7%95%d7%9e%d7%99%d7%a0%d7%95%d7%99%d7%99%d7%9d-%d7%91/,,onsite,junior,huji
"סטודנט/ית ללשכת מנכ""ל משרד הפנים בירושלים",משרד הפנים לוגו,ירושלים,2026-02-26,https://hujicareer.co.il/jobs/%d7%a1%d7%98%d7%95%d7%93%d7%a0%d7%98-%d7%99%d7%aa-%d7%9c%d7%9c%d7%a9%d7%9b%d7%aa-%d7%9e%d7%a0%d7%9b%d7%9c-%d7%9e%d7%a9%d7%a8%d7%93-%d7%94%d7%a4%d7%a0%d7%99%d7%9d-%d7%91%d7%99%d7%a8%d7%95%d7%a9%d7%9c/,,onsite,junior,huji
Legal Intern at Teva,download,תל אביב,2026-02-26,https://hujicareer.co.il/jobs/legal-intern-at-teva/,,onsite,junior,huji
אחראי/ת פיתוח משאבים - מסע ישראלי,לוגו מסע ישראלי חדש,ירושלים,2026-02-26,https://hujicareer.co.il/jobs/%d7%90%d7%97%d7%a8%d7%90%d7%99-%d7%aa-%d7%a4%d7%99%d7%aa%d7%95%d7%97-%d7%9e%d7%a9%d7%90%d7%91%d7%99%d7%9d-%d7%9e%d7%a1%d7%a2-%d7%99%d7%a9%d7%a8%d7%90%d7%9c%d7%99/,,onsite,junior,huji
רכז.ת תפעול ואופרציה - מסע ישראלי,לוגו מסע ישראלי חדש,ירושלים,2026-02-26,https://hujicareer.co.il/jobs/%d7%a8%d7%9b%d7%96-%d7%aa-%d7%aa%d7%a4%d7%a2%d7%95%d7%9c-%d7%95%d7%90%d7%95%d7%a4%d7%a8%d7%a6%d7%99%d7%94-%d7%9e%d7%a1%d7%a2-%d7%99%d7%a9%d7%a8%d7%90%d7%9c%d7%99/,,onsite,junior,huji
נציג שירות ומכירות - מסע ישראלי,לוגו מסע ישראלי חדש,ירושלים,2026-02-26,https://hujicareer.co.il/jobs/%d7%a0%d7%a6%d7%99%d7%92-%d7%a9%d7%99%d7%a8%d7%95%d7%aa-%d7%95%d7%9e%d7%9b%d7%99%d7%a8%d7%95%d7%aa-%d7%9e%d7%a1%d7%a2-%d7%99%d7%a9%d7%a8%d7%90%d7%9c%d7%99/,,onsite,junior,huji
רכזת משאבי אנוש ומשבצ/ת מדריכים - מסע ישראלי,לוגו מסע ישראלי חדש,ירושלים,2026-02-26,https://hujicareer.co.il/jobs/%d7%a8%d7%9b%d7%96%d7%aa-%d7%9e%d7%a9%d7%90%d7%91%d7%99-%d7%90%d7%a0%d7%95%d7%a9-%d7%95%d7%9e%d7%a9%d7%91%d7%a6-%d7%aa-%d7%9e%d7%93%d7%a8%d7%99%d7%9b%d7%99%d7%9d-%d7%9e%d7%a1%d7%a2-%d7%99%d7%a9/,,onsite,junior,huji
Regional Sales Manager – Mid‑Level,images (1),ירושלים,2026-02-26,https://hujicareer.co.il/jobs/regional-sales-manager-mid-level/,,onsite,junior,huji
Production Planner Student,images (1),ירושלים,2026-02-26,https://hujicareer.co.il/jobs/production-planner-student/,,onsite,junior,huji
Quality Engineer מהנדס/ת איכות לחברת אופיר אופטרוניקס סולושנס,images (1),ירושלים,2026-02-26,https://hujicareer.co.il/jobs/quality-engineer-%d7%9e%d7%94%d7%a0%d7%93%d7%a1-%d7%aa-%d7%90%d7%99%d7%9b%d7%95%d7%aa-%d7%9c%d7%97%d7%91%d7%a8%d7%aa-%d7%90%d7%95%d7%a4%d7%99%d7%a8-%d7%90%d7%95%d7%a4%d7%98%d7%a8%d7%95%d7%a0%d7%99/,,onsite,junior,huji
IT Desktop Technician אופיר אופטרוניקס סולושנס,images (1),ירושלים,2026-02-26,https://hujicareer.co.il/jobs/it-desktop-technician-%d7%90%d7%95%d7%a4%d7%99%d7%a8-%d7%90%d7%95%d7%a4%d7%98%d7%a8%d7%95%d7%a0%d7%99%d7%a7%d7%a1-%d7%a1%d7%95%d7%9c%d7%95%d7%a9%d7%a0%d7%a1/,,onsite,junior,huji
מהנדס.ת תהליך ציפויים לחברת אופיר אופטרוניקס סולושנס,images (1),ירושלים,2026-02-26,https://hujicareer.co.il/jobs/%d7%9e%d7%94%d7%a0%d7%93%d7%a1-%d7%aa-%d7%aa%d7%94%d7%9c%d7%99%d7%9a-%d7%a6%d7%99%d7%a4%d7%95%d7%99%d7%99%d7%9d-%d7%9c%d7%97%d7%91%d7%a8%d7%aa-%d7%90%d7%95%d7%a4%d7%99%d7%a8-%d7%90%d7%95%d7%a4%d7%98/,,onsite,junior,huji
סטודנט/ית אגף משאבי אנוש במשרד הבריאות,HUJI Career,ירושלים,2026-02-26,https://hujicareer.co.il/jobs/%d7%a1%d7%98%d7%95%d7%93%d7%a0%d7%98-%d7%99%d7%aa-%d7%90%d7%92%d7%a3-%d7%9e%d7%a9%d7%90%d7%91%d7%99-%d7%90%d7%a0%d7%95%d7%a9-%d7%91%d7%9e%d7%a9%d7%a8%d7%93-%d7%94%d7%91%d7%a8%d7%99%d7%90%d7%95%d7%aa/,,onsite,junior,huji
דרוש/ה מאמנ/ת לחדר הכושר במרכז רפואי שמיר,111111,,2026-02-26,https://hujicareer.co.il/jobs/%d7%93%d7%a8%d7%95%d7%a9-%d7%94-%d7%9e%d7%90%d7%9e%d7%a0-%d7%aa-%d7%9c%d7%97%d7%93%d7%a8-%d7%94%d7%9b%d7%95%d7%a9%d7%a8-%d7%91%d7%9e%d7%a8%d7%9b%d7%96-%d7%a8%d7%a4%d7%95%d7%90%d7%99-%d7%a9%d7%9e%d7%99/,,onsite,junior,huji
"מנהל/ת תחום דיגיטל רלב""ד - משרה לחברה הערבית",הרשות_הלאומית_לבטיחות_בדרכים,ירושלים,2026-02-26,https://hujicareer.co.il/jobs/%d7%9e%d7%a0%d7%94%d7%9c-%d7%aa-%d7%aa%d7%97%d7%95%d7%9d-%d7%93%d7%99%d7%92%d7%99%d7%98%d7%9c-%d7%a8%d7%9c%d7%91%d7%93-%d7%9e%d7%a9%d7%a8%d7%94-%d7%9c%d7%97%d7%91%d7%a8%d7%94-%d7%94%d7%a2%d7%a8/,,onsite,junior,huji
עוזר/ת למערך חילופי סטודנטים (משרת סטודנט/ית),HUJI Career,ירושלים,2026-02-26,https://hujicareer.co.il/jobs/%d7%a2%d7%95%d7%96%d7%a8-%d7%aa-%d7%9c%d7%9e%d7%a2%d7%a8%d7%9a-%d7%97%d7%99%d7%9c%d7%95%d7%a4%d7%99-%d7%a1%d7%98%d7%95%d7%93%d7%a0%d7%98%d7%99%d7%9d-%d7%9e%d7%a9%d7%a8%d7%aa-%d7%a1%d7%98%d7%95%d7%93/,,onsite,junior,huji
"פרויקט הספרייה האנושית - משרת סטודנט/ית (15-20 ש""ש)",HUJI Career,ירושלים,2026-02-26,https://hujicareer.co.il/jobs/%d7%a4%d7%a8%d7%95%d7%99%d7%a7%d7%98-%d7%94%d7%a1%d7%a4%d7%a8%d7%99%d7%99%d7%94-%d7%94%d7%90%d7%a0%d7%95%d7%a9%d7%99%d7%aa-%d7%9e%d7%a9%d7%a8%d7%aa-%d7%a1%d7%98%d7%95%d7%93%d7%a0%d7%98-%d7%99%d7%aa/,,onsite,junior,huji
מרכז/ת בכיר/ה במשרד הכלכלה לאגף חוקיות היבוא במערך הסדרה,download (8),ירושלים,2026-02-26,https://hujicareer.co.il/jobs/%d7%9e%d7%a8%d7%9b%d7%96-%d7%aa-%d7%91%d7%9b%d7%99%d7%a8-%d7%94-%d7%91%d7%9e%d7%a9%d7%a8%d7%93-%d7%94%d7%9b%d7%9c%d7%9b%d7%9c%d7%94-%d7%9c%d7%90%d7%92%d7%a3-%d7%97%d7%95%d7%a7%d7%99%d7%95%d7%aa-%d7%94/,,onsite,junior,huji
מינהלן/ית הוראה ותלמידים למכון איינשטיין למתמטיקה - הפקולטה למתמטיקה ולמדעי הטבע,HUJI Career,ירושלים,2026-02-26,https://hujicareer.co.il/jobs/%d7%9e%d7%99%d7%a0%d7%94%d7%9c%d7%9f-%d7%99%d7%aa-%d7%94%d7%95%d7%a8%d7%90%d7%94-%d7%95%d7%aa%d7%9c%d7%9e%d7%99%d7%93%d7%99%d7%9d-%d7%9c%d7%9e%d7%9b%d7%95%d7%9f-%d7%90%d7%99%d7%99%d7%a0%d7%a9%d7%98/,,onsite,junior,huji
"עורך/ת ו/או מגיש/ה בשפה האנגלית לרדיו כאן רק""ע בחטיבת החדשות",LOGO 10,ירושלים,2026-02-24,https://hujicareer.co.il/jobs/%d7%a2%d7%95%d7%a8%d7%9a-%d7%aa-%d7%95-%d7%90%d7%95-%d7%9e%d7%92%d7%99%d7%a9-%d7%94-%d7%91%d7%a9%d7%a4%d7%94-%d7%94%d7%90%d7%a0%d7%92%d7%9c%d7%99%d7%aa-%d7%9c%d7%a8%d7%93%d7%99%d7%95-%d7%9b%d7%90/,,onsite,junior,huji
דרוש/ה אנליסט/ית למערך השקעות לא מפוקחות,Logo_israel_securities_authority,תל אביב,2026-02-24,https://hujicareer.co.il/jobs/%d7%93%d7%a8%d7%95%d7%a9-%d7%94-%d7%90%d7%a0%d7%9c%d7%99%d7%a1%d7%98-%d7%99%d7%aa-%d7%9c%d7%9e%d7%a2%d7%a8%d7%9a-%d7%94%d7%a9%d7%a7%d7%a2%d7%95%d7%aa-%d7%9c%d7%90-%d7%9e%d7%a4%d7%95%d7%a7%d7%97%d7%95/,,onsite,junior,huji
QA Tester (Part-Time job),image001,,2026-02-24,https://hujicareer.co.il/jobs/qa-tester-part-time-job/,,onsite,junior,huji
דרוש/ה עוזר/ת בכיר/ה לשירות באגף משפחות הנצחה ומורשת - משרד הביטחון,לוגו משרד הביטחון,ירושלים,2026-02-24,https://hujicareer.co.il/jobs/%d7%93%d7%a8%d7%95%d7%a9-%d7%94-%d7%a2%d7%95%d7%96%d7%a8-%d7%aa-%d7%91%d7%9b%d7%99%d7%a8-%d7%94-%d7%9c%d7%a9%d7%99%d7%a8%d7%95%d7%aa-%d7%91%d7%90%d7%92%d7%a3-%d7%9e%d7%a9%d7%a4%d7%97%d7%95%d7%aa/,,onsite,junior,huji
דרוש סטודנט באגף בכיר דוברות תקשורת והסברה במשרד הפנים בירושלים,משרד הפנים לוגו,ירושלים,2026-02-24,https://hujicareer.co.il/jobs/%d7%93%d7%a8%d7%95%d7%a9-%d7%a1%d7%98%d7%95%d7%93%d7%a0%d7%98-%d7%91%d7%90%d7%92%d7%a3-%d7%91%d7%9b%d7%99%d7%a8-%d7%93%d7%95%d7%91%d7%a8%d7%95%d7%aa-%d7%aa%d7%a7%d7%a9%d7%95%d7%a8%d7%aa-%d7%95%d7%94/,,onsite,junior,huji
הגשת מועמדות לתוכנית הצוערים לשלטון המקומי של משרד הפנים,משרד הפנים לוגו,,2026-02-24,https://hujicareer.co.il/jobs/%d7%94%d7%92%d7%a9%d7%aa-%d7%9e%d7%95%d7%a2%d7%9e%d7%93%d7%95%d7%aa-%d7%9c%d7%aa%d7%95%d7%9b%d7%a0%d7%99%d7%aa-%d7%94%d7%a6%d7%95%d7%a2%d7%a8%d7%99%d7%9d-%d7%9c%d7%a9%d7%9c%d7%98%d7%95%d7%9f-%d7%94/,,onsite,junior,huji
למשרד העבודה דרוש.ה סטודנט.ית לניהול קשרי חוץ,menora,ירושלים,2026-02-24,https://hujicareer.co.il/jobs/%d7%9c%d7%9e%d7%a9%d7%a8%d7%93-%d7%94%d7%a2%d7%91%d7%95%d7%93%d7%94-%d7%93%d7%a8%d7%95%d7%a9-%d7%94-%d7%a1%d7%98%d7%95%d7%93%d7%a0%d7%98-%d7%99%d7%aa-%d7%9c%d7%a0%d7%99%d7%94%d7%95%d7%9c-%d7%a7%d7%a9/,,onsite,junior,huji
דרוש/ה מומחה/ית לניהול סיכוני סייבר למחלקת ביקורת ואכיפה לרשות ניירות ערך,Logo_israel_securities_authority,תל אביב,2026-02-24,https://hujicareer.co.il/jobs/%d7%93%d7%a8%d7%95%d7%a9-%d7%94-%d7%9e%d7%95%d7%9e%d7%97%d7%94-%d7%99%d7%aa-%d7%9c%d7%a0%d7%99%d7%94%d7%95%d7%9c-%d7%a1%d7%99%d7%9b%d7%95%d7%a0%d7%99-%d7%a1%d7%99%d7%99%d7%91%d7%a8-%d7%9c%d7%9e%d7%97/,,onsite,junior,huji
מנהל/ת לקמפוס ייחודי לחינוך מדעי בנגב המערבי,נתיבות עברית (2),,2026-02-24,https://hujicareer.co.il/jobs/%d7%9e%d7%a0%d7%94%d7%9c-%d7%aa-%d7%9c%d7%a7%d7%9e%d7%a4%d7%95%d7%a1-%d7%99%d7%99%d7%97%d7%95%d7%93%d7%99-%d7%9c%d7%97%d7%99%d7%a0%d7%95%d7%9a-%d7%9e%d7%93%d7%a2%d7%99-%d7%91%d7%a0%d7%92%d7%91-%d7%94/,,onsite,junior,huji
מורים לפיזיקה - מרכז שוורץ/רייסמן לחינוך מדעי,לוגו קרן,,2026-02-24,https://hujicareer.co.il/jobs/%d7%9e%d7%95%d7%a8%d7%99%d7%9d-%d7%9c%d7%a4%d7%99%d7%96%d7%99%d7%a7%d7%94-%d7%9e%d7%a8%d7%9b%d7%96-%d7%a9%d7%95%d7%95%d7%a8%d7%a5-%d7%a8%d7%99%d7%99%d7%a1%d7%9e%d7%9f-%d7%9c%d7%97%d7%99%d7%a0%d7%95/,,onsite,junior,huji
מורים/ות לעברית כשפה נוספת להוראת סטודנטים מהמגזר הערבי,OnoAcademic.svg,ירושלים,2026-02-24,https://hujicareer.co.il/jobs/%d7%9e%d7%95%d7%a8%d7%99%d7%9d-%d7%95%d7%aa-%d7%9c%d7%a2%d7%91%d7%a8%d7%99%d7%aa-%d7%9b%d7%a9%d7%a4%d7%94-%d7%a0%d7%95%d7%a1%d7%a4%d7%aa-%d7%9c%d7%94%d7%95%d7%a8%d7%90%d7%aa-%d7%a1%d7%98%d7%95%d7%93/,,onsite,junior,huji
משרת סטודנט למחקרי תקשורת - חטיבת הסייבר משטרת ישראל,חטיבת הסייבר,ירושלים,2026-02-24,https://hujicareer.co.il/jobs/%d7%9e%d7%a9%d7%a8%d7%aa-%d7%a1%d7%98%d7%95%d7%93%d7%a0%d7%98-%d7%9c%d7%9e%d7%97%d7%a7%d7%a8%d7%99-%d7%aa%d7%a7%d7%a9%d7%95%d7%a8%d7%aa-%d7%97%d7%98%d7%99%d7%91%d7%aa-%d7%94%d7%a1%d7%99%d7%99%d7%91/,,onsite,junior,huji
סטודנט/ית למחלקת הגרפיקה בחטיבת החדשות - כאן 11,LOGO 10,ירושלים,2026-02-24,https://hujicareer.co.il/jobs/%d7%a1%d7%98%d7%95%d7%93%d7%a0%d7%98-%d7%99%d7%aa-%d7%9c%d7%9e%d7%97%d7%9c%d7%a7%d7%aa-%d7%94%d7%92%d7%a8%d7%a4%d7%99%d7%a7%d7%94-%d7%91%d7%97%d7%98%d7%99%d7%91%d7%aa-%d7%94%d7%97%d7%93%d7%a9%d7%95-2/,,onsite,junior,huji
עורך/ת חדשות לדסק הדיגיטל בחטיבת החדשות - כאן 11,LOGO 10,ירושלים,2026-02-24,https://hujicareer.co.il/jobs/%d7%a2%d7%95%d7%a8%d7%9a-%d7%aa-%d7%97%d7%93%d7%a9%d7%95%d7%aa-%d7%9c%d7%93%d7%a1%d7%a7-%d7%94%d7%93%d7%99%d7%92%d7%99%d7%98%d7%9c-%d7%91%d7%97%d7%98%d7%99%d7%91%d7%aa-%d7%94%d7%97%d7%93%d7%a9%d7%95-3/,,onsite,junior,huji
דרוש/ה מפיק/ה לכאן רשת ב' חטיבת החדשות,LOGO 10,,2026-02-24,https://hujicareer.co.il/jobs/%d7%93%d7%a8%d7%95%d7%a9-%d7%94-%d7%9e%d7%a4%d7%99%d7%a7-%d7%94-%d7%9c%d7%9b%d7%90%d7%9f-%d7%a8%d7%a9%d7%aa-%d7%91-%d7%97%d7%98%d7%99%d7%91%d7%aa-%d7%94%d7%97%d7%93%d7%a9%d7%95%d7%aa/,,onsite,junior,huji
דרוש/ה סטודנט/ית הדרכה ופיתוח במשרד הבריאות,HUJI Career,,2026-02-24,https://hujicareer.co.il/jobs/%d7%93%d7%a8%d7%95%d7%a9-%d7%94-%d7%a1%d7%98%d7%95%d7%93%d7%a0%d7%98-%d7%99%d7%aa-%d7%94%d7%93%d7%a8%d7%9b%d7%94-%d7%95%d7%a4%d7%99%d7%aa%d7%95%d7%97-%d7%91%d7%9e%d7%a9%d7%a8%d7%93-%d7%94%d7%91%d7%a8/,,onsite,junior,huji
רכז/ת תמיכה בטכנולוגיות להוראה ולמידה - הפקולטה לרפואה,HUJI Career,ירושלים,2026-02-24,https://hujicareer.co.il/jobs/%d7%a8%d7%9b%d7%96-%d7%aa-%d7%aa%d7%9e%d7%99%d7%9b%d7%94-%d7%91%d7%98%d7%9b%d7%a0%d7%95%d7%9c%d7%95%d7%92%d7%99%d7%95%d7%aa-%d7%9c%d7%94%d7%95%d7%a8%d7%90%d7%94-%d7%95%d7%9c%d7%9e%d7%99%d7%93%d7%94/,,onsite,junior,huji
אנליסט/ית נתונים ומידע למחלקת הפיקוח על הבורסה וזירות סוחר לרשות לניירות ערך,Logo_israel_securities_authority,תל אביב,2026-02-24,https://hujicareer.co.il/jobs/%d7%90%d7%a0%d7%9c%d7%99%d7%a1%d7%98-%d7%99%d7%aa-%d7%a0%d7%aa%d7%95%d7%a0%d7%99%d7%9d-%d7%95%d7%9e%d7%99%d7%93%d7%a2-%d7%9c%d7%9e%d7%97%d7%9c%d7%a7%d7%aa-%d7%94%d7%a4%d7%99%d7%a7%d7%95%d7%97-%d7%a2/,,onsite,junior,huji
מרכז מורשת בגין בירושלים מגייס מדריכים/ות,logo_blue_he,ירושלים,2026-02-24,https://hujicareer.co.il/jobs/%d7%9e%d7%a8%d7%9b%d7%96-%d7%9e%d7%95%d7%a8%d7%a9%d7%aa-%d7%91%d7%92%d7%99%d7%9f-%d7%91%d7%99%d7%a8%d7%95%d7%a9%d7%9c%d7%99%d7%9d-%d7%9e%d7%92%d7%99%d7%99%d7%a1-%d7%9e%d7%93%d7%a8%d7%99%d7%9b%d7%99/,,onsite,junior,huji
דרוש.ה אנליסט.ית נתונים למערך חדשנות פיננסית במחלקת השקעות,Logo_israel_securities_authority,ירושלים,2026-02-24,https://hujicareer.co.il/jobs/%d7%93%d7%a8%d7%95%d7%a9-%d7%94-%d7%90%d7%a0%d7%9c%d7%99%d7%a1%d7%98-%d7%99%d7%aa-%d7%a0%d7%aa%d7%95%d7%a0%d7%99%d7%9d-%d7%9c%d7%9e%d7%a2%d7%a8%d7%9a-%d7%97%d7%93%d7%a9%d7%a0%d7%95%d7%aa-%d7%a4%d7%99/,,onsite,junior,huji
דרוש/ה כלכלן/ית בחצי משרה לעמותה מובילה בתחום שוק ההון,c3,מהבית,2026-02-24,https://hujicareer.co.il/jobs/%d7%93%d7%a8%d7%95%d7%a9-%d7%94-%d7%9b%d7%9c%d7%9b%d7%9c%d7%9f-%d7%99%d7%aa-%d7%91%d7%97%d7%a6%d7%99-%d7%9e%d7%a9%d7%a8%d7%94-%d7%9c%d7%a2%d7%9e%d7%95%d7%aa%d7%94-%d7%9e%d7%95%d7%91%d7%99%d7%9c%d7%94/,,remote,junior,huji
דרוש/ה מנהל/ת תחום בכיר/ה מימון הייטק לרשות החדשנות – חטיבת מדיניות,הרשות לחדשנות,ירושלים,2026-02-24,https://hujicareer.co.il/jobs/%d7%93%d7%a8%d7%95%d7%a9-%d7%94-%d7%9e%d7%a0%d7%94%d7%9c-%d7%aa-%d7%aa%d7%97%d7%95%d7%9d-%d7%91%d7%9b%d7%99%d7%a8-%d7%94-%d7%9e%d7%99%d7%9e%d7%95%d7%9f-%d7%94%d7%99%d7%99%d7%98%d7%a7-%d7%9c%d7%a8/,,onsite,junior,huji
"משרה לקיץ 2026 - מדריכים לליווי קבוצות נוער מחו""ל בתכנית מנהיגות בינלאומית",Screenshot 2026-02-24 124817,,2026-02-24,https://hujicareer.co.il/jobs/%d7%9e%d7%a9%d7%a8%d7%94-%d7%9c%d7%a7%d7%99%d7%a5-2026-%d7%9e%d7%93%d7%a8%d7%99%d7%9b%d7%99%d7%9d-%d7%9c%d7%9c%d7%99%d7%95%d7%95%d7%99-%d7%a7%d7%91%d7%95%d7%a6%d7%95%d7%aa-%d7%a0%d7%95%d7%a2%d7%a8/,,onsite,junior,huji
"דרוש/ה ר' תחום בינוי ופרוייקטים לאגף מבצעים, לוגיסטיקה ונכסים",לוגו משרד הביטחון,תל אביב,2026-02-24,https://hujicareer.co.il/jobs/%d7%93%d7%a8%d7%95%d7%a9-%d7%94-%d7%a8-%d7%aa%d7%97%d7%95%d7%9d-%d7%91%d7%99%d7%a0%d7%95%d7%99-%d7%95%d7%a4%d7%a8%d7%95%d7%99%d7%99%d7%a7%d7%98%d7%99%d7%9d-%d7%9c%d7%90%d7%92%d7%a3-%d7%9e%d7%91/,,onsite,junior,huji
דרוש/ה עובד/ת למרכז שידור ובקרה לרשות השנייה לטלוויזיה ולרדיו,Rashut2,ירושלים,2026-02-24,https://hujicareer.co.il/jobs/%d7%93%d7%a8%d7%95%d7%a9-%d7%94-%d7%a2%d7%95%d7%91%d7%93-%d7%aa-%d7%9c%d7%9e%d7%a8%d7%9b%d7%96-%d7%a9%d7%99%d7%93%d7%95%d7%a8-%d7%95%d7%91%d7%a7%d7%a8%d7%94-%d7%9c%d7%a8%d7%a9%d7%95%d7%aa-%d7%94%d7%a9/,,onsite,junior,huji
אוצר/ת אוסף האסלאם והמזרח התיכון - אגף האוספים בספרייה הלאומית,HUJI Career,ירושלים,2026-02-24,https://hujicareer.co.il/jobs/%d7%90%d7%95%d7%a6%d7%a8-%d7%aa-%d7%90%d7%95%d7%a1%d7%a3-%d7%94%d7%90%d7%a1%d7%9c%d7%90%d7%9d-%d7%95%d7%94%d7%9e%d7%96%d7%a8%d7%97-%d7%94%d7%aa%d7%99%d7%9b%d7%95%d7%9f-%d7%90%d7%92%d7%a3-%d7%94/,,onsite,junior,huji
איש/אשת מיזוג באוניברסיטה העברית - האגף לבינוי ותשתיות,HUJI Career,ירושלים,2026-02-24,https://hujicareer.co.il/jobs/%d7%90%d7%99%d7%a9-%d7%90%d7%a9%d7%aa-%d7%9e%d7%99%d7%96%d7%95%d7%92-%d7%91%d7%90%d7%95%d7%a0%d7%99%d7%91%d7%a8%d7%a1%d7%99%d7%98%d7%94-%d7%94%d7%a2%d7%91%d7%a8%d7%99%d7%aa-%d7%94%d7%90%d7%92%d7%a3/,,onsite,junior,huji
טכנאי/ת מערכות באוניברסיטה העברית - האגף לבינוי ותשתיות,HUJI Career,ירושלים,2026-02-24,https://hujicareer.co.il/jobs/%d7%98%d7%9b%d7%a0%d7%90%d7%99-%d7%aa-%d7%9e%d7%a2%d7%a8%d7%9b%d7%95%d7%aa-%d7%91%d7%90%d7%95%d7%a0%d7%99%d7%91%d7%a8%d7%a1%d7%99%d7%98%d7%94-%d7%94%d7%a2%d7%91%d7%a8%d7%99%d7%aa-%d7%94%d7%90%d7%92/,,onsite,junior,huji
דרוש/ה רכז/ת המחלקה למדע המדינה - הפקולטה למדעי החברה,HUJI Career,ירושלים,2026-02-24,https://hujicareer.co.il/jobs/%d7%93%d7%a8%d7%95%d7%a9-%d7%94-%d7%a8%d7%9b%d7%96-%d7%aa-%d7%94%d7%9e%d7%97%d7%9c%d7%a7%d7%94-%d7%9c%d7%9e%d7%93%d7%a2-%d7%94%d7%9e%d7%93%d7%99%d7%a0%d7%94-%d7%94%d7%a4%d7%a7%d7%95%d7%9c%d7%98%d7%94/,,onsite,junior,huji
לחברת היי-טק בירושלים דרוש/ה מהנדס/ת תעשייה וניהול,c3,ירושלים,2026-02-24,https://hujicareer.co.il/jobs/%d7%9c%d7%97%d7%91%d7%a8%d7%aa-%d7%94%d7%99%d7%99-%d7%98%d7%a7-%d7%91%d7%99%d7%a8%d7%95%d7%a9%d7%9c%d7%99%d7%9d-%d7%93%d7%a8%d7%95%d7%a9-%d7%94-%d7%9e%d7%94%d7%a0%d7%93%d7%a1-%d7%aa-%d7%aa%d7%a2%d7%a9/,,onsite,junior,huji
דרוש סטודנט לאגף בכיר בקרה וכלכלה ברשויות המקומיות במשרד הפנים,משרד הפנים לוגו,ירושלים,2026-02-24,https://hujicareer.co.il/jobs/%d7%93%d7%a8%d7%95%d7%a9-%d7%a1%d7%98%d7%95%d7%93%d7%a0%d7%98-%d7%9c%d7%90%d7%92%d7%a3-%d7%91%d7%9b%d7%99%d7%a8-%d7%91%d7%a7%d7%a8%d7%94-%d7%95%d7%9b%d7%9c%d7%9b%d7%9c%d7%94-%d7%91%d7%a8%d7%a9%d7%95/,,onsite,junior,huji
Investors Operations and Relations Manager - Part-Time,Screenshot 2026-02-24 104312,מהבית,2026-02-24,https://hujicareer.co.il/jobs/investors-operations-and-relations-manager-part-time/,,remote,junior,huji
"מעון מסילה – מעון לנערות בסיכון גבוה מגייסים מדריכים.ות ועו""סים.ות",c3,ירושלים,2026-02-24,https://hujicareer.co.il/jobs/%d7%9e%d7%a2%d7%95%d7%9f-%d7%9e%d7%a1%d7%99%d7%9c%d7%94-%d7%9e%d7%a2%d7%95%d7%9f-%d7%9c%d7%a0%d7%a2%d7%a8%d7%95%d7%aa-%d7%91%d7%a1%d7%99%d7%9b%d7%95%d7%9f-%d7%92%d7%91%d7%95%d7%94-%d7%9e/,,onsite,junior,huji
דרוש/ה עובד.ת סוציאלי.ת/מרפא.ה בעיסוק לחברת המשקם,about_logo,ירושלים,2026-02-24,https://hujicareer.co.il/jobs/%d7%93%d7%a8%d7%95%d7%a9-%d7%94-%d7%a2%d7%95%d7%91%d7%93-%d7%aa-%d7%a1%d7%95%d7%a6%d7%99%d7%90%d7%9c%d7%99-%d7%aa-%d7%9e%d7%a8%d7%a4%d7%90-%d7%94-%d7%91%d7%a2%d7%99%d7%a1%d7%95%d7%a7-%d7%9c%d7%97/,,onsite,junior,huji
"סטודנט/ית למחלקת הדוברות והניו מדיה - רשות שוק ההון, ביטוח וחיסכון",HON,ירושלים,2026-02-24,https://hujicareer.co.il/jobs/%d7%a1%d7%98%d7%95%d7%93%d7%a0%d7%98-%d7%99%d7%aa-%d7%9c%d7%9e%d7%97%d7%9c%d7%a7%d7%aa-%d7%94%d7%93%d7%95%d7%91%d7%a8%d7%95%d7%aa-%d7%95%d7%94%d7%a0%d7%99%d7%95-%d7%9e%d7%93%d7%99%d7%94-%d7%a8%d7%a9/,,onsite,junior,huji
דרוש/ה עובד/ת סוציאלי/ת למשרד הביטחון אגף שיקום נכים בתל השומר,לוגו משרד הביטחון,,2026-02-24,https://hujicareer.co.il/jobs/%d7%93%d7%a8%d7%95%d7%a9-%d7%94-%d7%a2%d7%95%d7%91%d7%93-%d7%aa-%d7%a1%d7%95%d7%a6%d7%99%d7%90%d7%9c%d7%99-%d7%aa-%d7%9c%d7%9e%d7%a9%d7%a8%d7%93-%d7%94%d7%91%d7%99%d7%98%d7%97%d7%95%d7%9f-%d7%90-2/,,onsite,junior,huji
דרוש/ה עובד/ת סוציאלי/ת למשרד הביטחון אגף שיקום נכים בירושלים,לוגו משרד הביטחון,ירושלים,2026-02-24,https://hujicareer.co.il/jobs/%d7%93%d7%a8%d7%95%d7%a9-%d7%94-%d7%a2%d7%95%d7%91%d7%93-%d7%aa-%d7%a1%d7%95%d7%a6%d7%99%d7%90%d7%9c%d7%99-%d7%aa-%d7%9c%d7%9e%d7%a9%d7%a8%d7%93-%d7%94%d7%91%d7%99%d7%98%d7%97%d7%95%d7%9f-%d7%90%d7%92/,,onsite,junior,huji
סטודנט/ית למשרד העבודה - אגף למידה ארגונית,menora,ירושלים,2026-02-24,https://hujicareer.co.il/jobs/%d7%a1%d7%98%d7%95%d7%93%d7%a0%d7%98-%d7%99%d7%aa-%d7%9c%d7%9e%d7%a9%d7%a8%d7%93-%d7%94%d7%a2%d7%91%d7%95%d7%93%d7%94-%d7%90%d7%92%d7%a3-%d7%9c%d7%9e%d7%99%d7%93%d7%94-%d7%90%d7%a8%d7%92%d7%95%d7%a0/,,onsite,junior,huji
עוזר/ת חשב – הפקולטה למשפטים,HUJI Career,ירושלים,2026-02-24,https://hujicareer.co.il/jobs/%d7%a2%d7%95%d7%96%d7%a8-%d7%aa-%d7%97%d7%a9%d7%91-%d7%94%d7%a4%d7%a7%d7%95%d7%9c%d7%98%d7%94-%d7%9c%d7%9e%d7%a9%d7%a4%d7%98%d7%99%d7%9d/,,onsite,junior,huji
עובד/ת מעבדה למחלקה לנוירוביולוגיה רפואית - הפקולטה לרפואה,HUJI Career,ירושלים,2026-02-24,https://hujicareer.co.il/jobs/%d7%a2%d7%95%d7%91%d7%93-%d7%aa-%d7%9e%d7%a2%d7%91%d7%93%d7%94-%d7%9c%d7%9e%d7%97%d7%9c%d7%a7%d7%94-%d7%9c%d7%a0%d7%95%d7%99%d7%a8%d7%95%d7%91%d7%99%d7%95%d7%9c%d7%95%d7%92%d7%99%d7%94-%d7%a8%d7%a4/,,onsite,junior,huji
סטודנט/ית עורך/ת וידאו במשרה זמנית לחטיבת הדיגיטל,LOGO 10,,2026-02-18,https://hujicareer.co.il/jobs/%d7%a1%d7%98%d7%95%d7%93%d7%a0%d7%98-%d7%99%d7%aa-%d7%a2%d7%95%d7%a8%d7%9a-%d7%aa-%d7%95%d7%99%d7%93%d7%90%d7%95-%d7%91%d7%9e%d7%a9%d7%a8%d7%94-%d7%96%d7%9e%d7%a0%d7%99%d7%aa-%d7%9c%d7%97%d7%98%d7%99/,,onsite,junior,huji
דרוש/ה רכז/ת פרויקטים בפקולטה לרפואה - האוניברסיטה העברית,HUJI Career,ירושלים,2026-02-18,https://hujicareer.co.il/jobs/6929/,,onsite,junior,huji
לאגף החשב הכללי במשרד האוצר דרוש/ה רפרנט/ית - חברה ערבית,HUJI Career,ירושלים,2026-02-18,https://hujicareer.co.il/jobs/%d7%9c%d7%90%d7%92%d7%a3-%d7%94%d7%97%d7%a9%d7%91-%d7%94%d7%9b%d7%9c%d7%9c%d7%99-%d7%91%d7%9e%d7%a9%d7%a8%d7%93-%d7%94%d7%90%d7%95%d7%a6%d7%a8-%d7%93%d7%a8%d7%95%d7%a9-%d7%94-%d7%a8%d7%a4%d7%a8%d7%a0/,,onsite,junior,huji
דרושים מרפאים בעיסוק - קבוצת עמל ומעבר,661fd7f539af263d85f81dc2_kvuzat_amal (1),,2026-02-18,https://hujicareer.co.il/jobs/%d7%93%d7%a8%d7%95%d7%a9%d7%99%d7%9d-%d7%9e%d7%a8%d7%a4%d7%90%d7%99%d7%9d-%d7%91%d7%a2%d7%99%d7%a1%d7%95%d7%a7-%d7%a7%d7%91%d7%95%d7%a6%d7%aa-%d7%a2%d7%9e%d7%9c-%d7%95%d7%9e%d7%a2%d7%91%d7%a8/,,onsite,junior,huji
משרות סטודנט/ית חדשות באסם נסטלה!,HUJI Career,,2026-02-18,https://hujicareer.co.il/jobs/%d7%9e%d7%a9%d7%a8%d7%95%d7%aa-%d7%a1%d7%98%d7%95%d7%93%d7%a0%d7%98-%d7%99%d7%aa-%d7%97%d7%93%d7%a9%d7%95%d7%aa-%d7%91%d7%90%d7%a1%d7%9d-%d7%a0%d7%a1%d7%98%d7%9c%d7%94/,,onsite,junior,huji
דרוש/ה יועץ/ת תעסוקה למכון הלאומי לשיקום נוירופסיכולוגי - מתאים לסטודנטים,c3,ירושלים,2026-02-17,https://hujicareer.co.il/jobs/%d7%93%d7%a8%d7%95%d7%a9-%d7%94-%d7%99%d7%95%d7%a2%d7%a5-%d7%aa-%d7%aa%d7%a2%d7%a1%d7%95%d7%a7%d7%94-%d7%9c%d7%9e%d7%9b%d7%95%d7%9f-%d7%94%d7%9c%d7%90%d7%95%d7%9e%d7%99-%d7%9c%d7%a9%d7%99%d7%a7%d7%95/,,onsite,junior,huji
"מפתח/ת תוכנה - יחידת מערכות מעו""ף - מח' טכנולוגיות מידע ותפעול",tasa,תל אביב,2026-02-17,https://hujicareer.co.il/jobs/%d7%9e%d7%a4%d7%aa%d7%97-%d7%aa-%d7%aa%d7%95%d7%9b%d7%a0%d7%94-%d7%99%d7%97%d7%99%d7%93%d7%aa-%d7%9e%d7%a2%d7%a8%d7%9b%d7%95%d7%aa-%d7%9e%d7%a2%d7%95%d7%a3-%d7%9e%d7%97-%d7%98%d7%9b%d7%a0/,,onsite,junior,huji
Global IT Director at Fluent Trade Technologies,fluent-logo,ירושלים,2026-02-17,https://hujicareer.co.il/jobs/global-it-director-at-fluent-trade-technologies/,,onsite,junior,huji
Head of DevOps at Fluent Trade Technologies,fluent-logo,ירושלים,2026-02-17,https://hujicareer.co.il/jobs/head-of-devops-at-fluent-trade-technologies/,,onsite,junior,huji
DBA at Fluent Trade Technologies,fluent-logo,ירושלים,2026-02-17,https://hujicareer.co.il/jobs/dba-at-fluent-trade-technologies/,,onsite,junior,huji
Tier 2 Support Engineer (Linux),fluent-logo,ירושלים,2026-02-17,https://hujicareer.co.il/jobs/tier-2-support-engineer-linux/,,onsite,junior,huji
Project Manager - Fluent Trade Technologies,fluent-logo,ירושלים,2026-02-17,https://hujicareer.co.il/jobs/project-manager-fluent-trade-technologies/,,onsite,junior,huji
"דרוש.ה רכז.ת תעסוקה לליווי גברים חרדים לתוכנית ""צרכנים נותני שירות""",לוגו_יוזמה_דרך_הלב,ירושלים,2026-02-17,https://hujicareer.co.il/jobs/%d7%93%d7%a8%d7%95%d7%a9-%d7%94-%d7%a8%d7%9b%d7%96-%d7%aa-%d7%aa%d7%a2%d7%a1%d7%95%d7%a7%d7%94-%d7%9c%d7%9c%d7%99%d7%95%d7%95%d7%99-%d7%92%d7%91%d7%a8%d7%99%d7%9d-%d7%97%d7%a8%d7%93%d7%99%d7%9d-%d7%9c/,,onsite,junior,huji
לתוכנית 'יוזמה' דרוש.ה רכז.ת ליווי שיקומי עסקי לאזור ירושלים,לוגו_יוזמה_דרך_הלב,ירושלים,2026-02-17,https://hujicareer.co.il/jobs/%d7%9c%d7%aa%d7%95%d7%9b%d7%a0%d7%99%d7%aa-%d7%99%d7%95%d7%96%d7%9e%d7%94-%d7%93%d7%a8%d7%95%d7%a9-%d7%94-%d7%a8%d7%9b%d7%96-%d7%aa-%d7%9c%d7%99%d7%95%d7%95%d7%99-%d7%a9%d7%99%d7%a7%d7%95%d7%9e/,,onsite,junior,huji
"דרוש/ה אחראי/ת לתפעול וגניזה לארכיון צה""ל במשרד הביטחון",לוגו משרד הביטחון,,2026-02-17,https://hujicareer.co.il/jobs/%d7%93%d7%a8%d7%95%d7%a9-%d7%94-%d7%90%d7%97%d7%a8%d7%90%d7%99-%d7%aa-%d7%9c%d7%aa%d7%a4%d7%a2%d7%95%d7%9c-%d7%95%d7%92%d7%a0%d7%99%d7%96%d7%94-%d7%9c%d7%90%d7%a8%d7%9b%d7%99%d7%95%d7%9f-%d7%a6%d7%94/,,onsite,junior,huji
