title,company,location,date,deadline,url,department,workplace_type,staff_type,internal_external,description,requirements
"מנהל/ת בית- הפקולטה למדעי הרפואה והבריאות ע""ש גריי (JB-1314)",אוניברסיטת תל אביב,תל אביב,2026-04-29,2026-05-10,https://www.tau.ac.il/JB-1314/2026/position,הפקולטה למדעי הרפואה והבריאות,onsite,administrative,חיצוני,"אחריות לתפעול התקין, לאחזקה ולניקיון בניין הסימולציה וסביבתו, כולל:
ביצוע עבודות תחזוקה שוטפת, כולל איתור תקלות ותיקונן.
אחריות לתקינותן של המערכות השונות כולל אחזקה מונעת ושוטפת בתיאום עם אגף הנדסה ותחזוקה.
מתן שירות לכלל העובדים והסגלים ולציבור הסטודנטים.
ארגון כיתות ההוראה והציוד הנדרש (מערכות חכמות).
פיקוח שוטף על הבטיחות והביטחון בבניין.
פיקוח על עובדי הניקיון.
אחריות על הציוד והאינוונטר בבניין, כולל תחזוקה, תפעול, פינוי ושינוע של משאות כבדים.
סיוע בארגון אירועים וכנסים.
ניהול והנחייה בנושאים שבטיפול.
קשר עם מגוון גורמים בפקולטה ומחוצה לה.
ביצוע שליחויות ומטלות נוספות בהתאם לצורך ועפ""י הנחיות הממונים.","השכלה תיכונית/מקצועית מלאה, לפחות.
קורסים והשתלמויות בתחום התחזוקה – יתרון.
ידע טכני וניסיון באחזקת מערכות ובתפעול מבנים.
יכולת אבחון תקלות וביצוע תיקונים.
הכרת נהלי בטיחות.
ניסיון בעבודה עם מערכות ממוחשבות, תפעול מכשירים, מערכות מולטימדיה וציוד להוראה אור קולית וציוד הגברה.
ידע בסיסי במחשבים, כולל היכרות עם תוכנות OFFICE.
ידיעה טובה של השפה העברית ויכולת תקשורת בשפה האנגלית.
כושר גופני טוב ונכונות לעבודה פיזית.
רישיון נהיגה.
יכולת הנחיית צוות ניקיון ותחזוקה, ספקים ועוד.
עצמאות, יוזמה, כושר תיאום וארגון, סדר ודיוק.
יכולת התמודדות עם תקלות בלתי צפויות ועם ריבוי משימות.
יכולת עבודה עצמאית והשתלבות בצוות.
כושר גופני טוב ונכונות לעבודה פיזית.
תודעת שירות גבוהה ויחסי אנוש מעולים.
הערה: התפקיד כרוך בעבודה במשמרות וביצוע תורנויות בימי שישי, ערבי חג וחול המועד בהתאם לצורך.
נדרשת נכונות לביצוע שעות נוספות בהתאם לצורך."
רכז/ת מינהל בכיר/ה (JB-1323),אוניברסיטת תל אביב,תל אביב,2026-04-29,2026-05-07,https://www.tau.ac.il/JB-1323/position/2026,"הספרייה למדעי החברה, לניהול ולחינוך ע""ש ברנדר-מוס",onsite,administrative,חיצוני,"אחריות מנהלית כוללת לתפעולה השוטף של מזכירות הספרייה וסיוע למנהלת הספרייה, כולל:
מתן שירותי אדמיניסטרציה למנהלת הספרייה, לרבות ריכוז חומר לישיבות והכנתו, תכתובת שוטפת, כתיבת פרוטוקולים, מעקב אחר ביצוע החלטות ויישומן.
טיפול שוטף במכלול הנושאים האדמיניסטרטיביים כולל ניהול יומנים ותיאום פעילויות מנהלים.
מתן שירות לסגל העובדים ולקהל לקוחות הספרייה.
טיפול שוטף בנושאי כוח אדם של עובדי הספרייה.
מעקב אחר תקציב הספרייה.
טיפול בהזמנות רכש, הזמנות עבודה ובהוראות תשלום.
סיוע בפרויקטים ואירועים מיוחדים, תערוכות, כנסים, ימי עיון והרצאות.
תכתובת שוטפת בשפות עברית ואנגלית עם מגוון גורמים, בארץ ובחו""ל.
ניהול קשר עם מגוון גורמים באוניברסיטה ומחוצה לה.
ביצוע מטלות נוספות ע""פ הנחיות מנהלת הספרייה וככל שיידרש.","תואר אקדמי- רצוי. תעודת בגרות מלאה- חובה.
ניסיון של מספר שנים בתפקיד אדמיניסטרטיבי עצמאי.
ניסיון בתחומי כוח אדם ו/או תקציב- יתרון.
ניסיון בעבודה עם מערכות ממוחשבות, ושליטה בתוכנות OFFICE, לרבות EXCEL.
הכרת הנהלים והתקנונים האוניברסיטאיים ושליטה ב- ERP - יתרון.
ידיעת השפה העברית על בוריה וידיעת השפה האנגלית ברמה טובה.
יכולת עבודה עצמאית והשתלבות בעבודה בצוות.
יכולת התמודדות עם ריבוי משימות ועומס.
יוזמה, סדר ודיוק, כושר תכנון ויכולת ארגון, תיאום ומעקב.
תודעת שירות גבוהה ויחסי אנוש מעולים.
הערה: נדרשת נכונות לעבודה בשעות נוספות על פי הצורך."
מטפל/ת חיות ראשי/ת ווטרינר/ית (JB-1321),אוניברסיטת תל אביב,תל אביב,2026-04-29,2026-05-07,https://www.tau.ac.il/JB-1321/position/2026,הפקולטה למדעי החיים,onsite,administrative,חיצוני,"אחריות כוללת לטיפול השוטף בבעלי החיים בגן הזואולוגי לרבות:
הנחייה מקצועית של צוות המטפלים בבעלי חיים, לרבות הכנת תכנית עבודה שבועית, חלוקת תורנויות, חלוקת עבודה יומית, קיום שיחות צוות שבועיות, בדיקת נוכחות והחלפת מטפלים בהתאם לצורך.
ניהול תיעוד בעלי חיים כולל מצב רפואי, רבייה, העברות ומעקב אחרי פרטים.
ניהול מערכת הגבייה ובקרה על הכנסות והוצאות הגן.
טיפול בהזמנות רכש, פקודות עבודה וקשר עם ספקים.
ניהול מלאי האוכל לחיות, בית המלאכה והמרפאה הווטרינרית.
סיורים שוטפים בגן, תוך השגחה על נראות הגן ובדיקת הנעשה בכלובים והנחיית צוות המטפלים בהתאם לנדרש.
עבודה שוטפת לרבות הכנת מזון והאכלת בעלי חיים, ניקוי כלובים ונשיאה של משאות כבדים.
מתן מענה והדרכה לסטודנטים וחוקרים המבצעים מחקרים בגן.
ביצוע מטלות נוספות ככל שיידרש ע""י מנהל הגן וראש ביה""ס לזואולוגיה.","תואר ברפואה וטרינרית.
ניסיון ברפואה וטרינרית קלינית של שנתיים לפחות עם חיות בר, כולל חיות טורפות וזוחלים ארסיים.
ניסיון בעבודה אדמיניסטרטיבית - יתרון.
כושר גופני טוב ונכונות לבצע עבודה פיסית מאומצת.
ניסיון בעבודה עם מערכות ממוחשבות כולל שליטה ביישומי OFFICE. היכרות עם מערכת Species360(ZIMS) - יתרון.
ידיעת השפה העברית.
רצוי רישיון נהיגה.
יכולת עבודה עצמאית ויכולת השתלבות בצוות.
יכולת הדרכה והנחייה של צוות העובדים.
יכולת ארגון ומעקב, כושר תיאום, יוזמה ואחריות.
יכולת התמודדות עם ריבוי משימות ועומס.
יחסי אנוש טובים ומודעות למתן שירות.
הערה: התפקיד כרוך בביצוע תורנויות בסופי שבוע, ערבי חג ובימי חול המועד, כולל בשעות הבוקר המוקדמות.
העבודה מתבצעת בשטח פתוח."
טכנאי/ת רנטגן- בית הספר לרפואת שיניים/הפקולטה למדעי הרפואה והבריאות (JB-1286),אוניברסיטת תל אביב,תל אביב,2026-04-29,2026-05-07,https://www.tau.ac.il/JB-1286/2026/position,בית הספר לרפואת שיניים הפקולטה לרפואה,onsite,administrative,חיצוני,"ביצוע צילומי רנטגן דנטליים ופיתוחם.
מתן שירות למטופלים, סטודנטים, מתמחים וחברי סגל ביה""ס.
הדרכה מעשית של סטודנטים לרפואת שיניים.
ביצוע מטלות נוספות ככל שיידרש.","תואר אקדמי- רצוי. תעודת בגרות מלאה- חובה.
תעודת רנטגנאי מוסמך – חובה.
ניסיון בצילומי רנטגן דנטליים – יתרון.
ניסיון בעבודה בתחום הרנטגן – יתרון.
ניסיון בהדרכה – יתרון.
ידיעת השפה העברית על בוריה וידיעת השפה האנגלית ברמה גבוהה.
יכולת עבודה עצמאית והשתלבות בעבודה בצוות.
תודעת שירות גבוהה ויחסי אנוש מעולים.
הערה: העבודה במשמרות. נדרשת נכונות לביצוע שעות נוספות בהתאם לצורך."
מרכז/ת תחום אבחון לקויות למידה- הדקאנט להצלחת הסטודנטים והסטודנטיות (JB-1327),אוניברסיטת תל אביב,תל אביב,2026-04-29,2026-05-06,https://www.tau.ac.il/JB-1327/2026/position,דקאנט הסטודנטים,onsite,administrative,פנימי,"טיפול בפניות המגיעות למדור בנושא בקשה להתאמות.
אבחון סטודנטים.
פיתוח מקצועי של כלי האבחון.
הדרכת מאבחנות חדשות.
קשר עם המזכירות האקדמית והפקולטות בנושא התאמות לימודיות.
קשר עם מרכזי אבחון מקבילים ועם המרכז הארצי לבחינות והערכה.
מתן מענה בתחום לקויות למידה לתכניות חוץ השייכות לאוניברסיטה.
קידום נושא העלאת המודעות לתחום לקויות הלמידה בקמפוס.
תכנון והעברה של ימי עיון לצוות המינהלי והאקדמי.
עדכון ואיפיון הצרכים במערכת הממוחשבת ממת""א.
אחריות על הקשר עם מדריכות החוג ללקויות למידה באוניברסיטה.
ביצוע מטלות נוספות ככל שיידרש.","תואר שני בחינוך ללקויי למידה הכולל הסמכה לאבחון או תואר שני בחינוך ללקויי למידה בצירוף תעודת מאבחן לקויות למידה – חובה. תעודת הוראה – יתרון.
ניסיון באבחון מת""ל – חובה.
ניסיון של מספר שנים באבחון בוגרים – חובה.
ניסיון בתפקיד דומה במרפאות קשב, באקדמיה או במתי""א – חובה.
ניסיון בעבודה עם צוות רב מקצועי (פסיכולוגים, פסיכיאטרים, עו""סים, מרפאים בעיסוק) – חובה.
ניסיון בהדרכה – יתרון.
ידיעת השפה העברית על בוריה וידיעת השפה האנגלית ברמה טובה.
ניסיון בעבודה עם מערכות ממוחשבות ושליטה בתוכנות OFFICE.
הכרת הנהלים והתקנונים האוניברסיטאיים ושליטה ב-ERP – יתרון.
יכולת הנחייה והדרכה.
יכולת עבודה עצמאית והשתלבות בעבודה בצוות.
יכולת עבודה בסביבת מרובת ממשקים והתמודדות עם מצבים מורכבים.
יכולת התמודדות עם עומס משימות ועמידה בלוחות זמנים.
יוזמה ויכולת להנעת תהליכים.
כושר תיאום, תכנון וארגון, סדר, דייקנות ויכולת מעקב.
תודעת שירות גבוהה ויחסי אנוש מעולים.
הערה: נדרשת נכונות לעבודה בשעות נוספות בהתאם לצורך."
"רכז/ת בכיר/ה לרכש חו""ל- מדור רכש יבוא (JB-1244)",אוניברסיטת תל אביב,תל אביב,2026-04-29,2026-05-05,https://www.tau.ac.il/JB-1244/position/2025,אגף הכספים כלכלה ותקציבים,onsite,administrative,חיצוני,"ביצוע רכש חו""ל של טובין ושירותים בהתאם לצרכי האוניברסיטה, כולל:
טיפול שוטף במשלוחי ייבוא אוויריים וימיים לישראל.
פתיחת הזמנות במערכת ERP, כולל הזמנת טובין מאתרי אינטרנט ומעקב אחר ההזמנות.
הזמנת ציוד וחומרים למעבדות.
קיום קשר עם ספקים, לרבות ניהול מו""מ בהתאם לצורך, וקשר עם משלחים ועם עמילי המכס.
טיפול בחוזי התקשרות עם ספקים.
בדיקת חיובים וביצוע תשלומי מט""ח לחו""ל.
ביצוע מטלות נוספות ככל שיידרש.","תואר אקדמי. רצוי באחד מתחומים אלה: לוגיסטיקה או מדעי החיים.
תעודת פקיד רישוי מכס - יתרון.
ניסיון של 4 שנים לפחות בתפקיד רלוונטי, הכולל עבודה מול חברות לעמילות מכס, חברות שילוח בינלאומי ובלדרות.
ידע בחוקי הייבוא והייצוא (צווים, תקנות ונהלים).
ידע מוכח במכלול נושאי מט""ח ובשיטות תשלום בסחר בינלאומי, לרבות  פתיחת מכתבי אשראי בנקאיים לייבוא סחורות.
ידע בסחר אלקטרוני.
ניסיון בעבודה עם מערכות ממוחשבות ושליטה בתוכנות OFFICE .
הכרת הנהלים והתקנונים האוניברסטאיים ושליטה ב-ERP- יתרון.
ידיעת השפה העברית על בוריה ושליטה בשפה האנגלית ברמה טובה מאד, כולל יכולת הבעה ותכתובת בשפות אלו.
יכולת עבודה עצמאית והשתלבות בעבודה בצוות.
יוזמה, סדר ודיוק, כושר תכנון ויכולת ארגון, תיאום ומעקב.
יכולת ניהול משא ומתן.
יכולת התמודדות עם עומס משימות ועמידה בלוחות זמנים.
תודעת שירות גבוהה ויחסי אנוש מעולים.
הערה: נדרשת נכונות לעבודה בשעות נוספות עפ""י הצורך."
מחסנאי/ת לציוד הסרטה- בית הספר לקולנוע וטלוויזיה- הפקולטה לאמנויות (JB-1329),אוניברסיטת תל אביב,תל אביב,2026-04-29,2026-05-05,https://www.tau.ac.il/JB-1329/2026/position,"בית הספר לקולנוע ולטלוויזיה ע""ש סטיב טיש",onsite,administrative,פנימי,"אחריות מלאה על מחסן הציוד של בית הספר לקולנוע וטלוויזיה, כולל:
ניהול, תחזוקה, ארגון וסידור של מלאי הציוד: מצלמות, סאונד, תאורה, אביזרים, ציוד הפקה ועוד.
השאלת ציוד להפקות סטודנטים ולצורכי הוראה וקליטת ציוד חוזר, כולל רישום, תיעוד ובקרה שוטפת.
ביצוע בדיקות תקופתיות של תקינות הציוד, איתור תקלות ודיווח על צורך בתיקון או החלפה.
אחריות על הזמנות רכש, הזמנות ציוד ומעקב אחר אספקה.
עבודה שוטפת מול ספקים, טכנאים וצוותי הפקה.
שמירה על נהלי בטיחות, כולל בטיחות חשמל ושימוש תקין בציוד מקצועי, והנחלת חשיבותם בהפקות.
אחריות על אינוונטר בית הספר ועבודה מול גורמי האוניברסיטה.
סיוע לסטודנטים בשימוש בציוד, כולל הנחייה מקצועית בסיסית.
ביצוע מטלות נוספות ככל שיידרש.","תעודת בגרות מלאה לפחות, רצוי תואר אקדמי.
תישקל מועמדותם של עובדים ותיקים שאינם עומדים בדרישת ההשכלה ועברו השתלמויות מקצועיות רלוונטיות לתפקיד.
ניסיון בעבודה במחסן ציוד – חובה.
ניסיון בעבודה בתחום הצילום/הסאונד/ההפקה – יתרון.
ידע טכני בציוד צילום, סאונד ותאורה – יתרון.
יכולת עבודה עם מערכות מלאי.
יכולת פיזית לעבודה הכוללת הרמת ציוד.
ידיעת השפה העברית על בוריה וידיעת השפה האנגלית ברמה טובה.
ניסיון בעבודה עם מערכות ממוחשבות ושליטה בתוכנות OFFICE.
הכרת הנהלים והתקנונים האוניברסיטאיים ושליטה ב-ERP – יתרון.
יכולת עבודה עצמאית והשתלבות בעבודה בצוות.
יכולת התמודדות עם עומס וריבוי משימות.
יוזמה, כושר תיאום וארגון, סדר, דייקנות ויכולת מעקב.
תודעת שירות גבוהה ויחסי אנוש מעולים.
הערה: נדרשת נכונות לעבודה בשעות נוספות בהתאם לצורך."
"מ""מ רכז/ת חוגים והשתלמויות",אוניברסיטת תל אביב,תל אביב,2026-04-29,2026-05-05,https://www.tau.ac.il/JB-1330/position/2025,"ביה""ס למדעי המתמטיקה/ הפקולטה למדעים מדויקים",onsite,administrative,חיצוני,"ריכוז הטיפול בנושאי ההוראה של החוג לסטטיסטיקה וחקר ביצועים, לרבות שיבוץ סגל בכיר וזוטר לקורסים
ואחריות על מערכת השעות.
הזנת מינויים במערכת ה ERP.
מתן מענה שוטף לפניות סגל ההוראה, לרבות השתתפות בישיבות, כתיבת פרוטוקולים ומעקב אחר ביצוע החלטות.
אחריות לעדכון אתר ביה""ס, לפרסום ברשתות חברתיות ועוד.
ארגון היום הפתוח.
טיפול בהחזרי תשלום של סגל אקדמי.
שיבוץ חדרי הסמינר בביה""ס.
טיפול בבקשות פטור מקורסי מתמטיקה וסטטיסטיקה.
קשר עם בוגרי בית הספר, ארגון ימי זרקור וקשר עם התעשייה.
טיפול בימי עיון ובהשתלמויות.
סיוע בטיפול בכנסים ובאורחים.
סיוע  אדמיניסטרטיבי למעבדת הסטטיסטיקה.
ביצוע מטלות נוספות ככל שיידרש.","תואר אקדמי- יתרון, תעודת בגרות מלאה - חובה.
ניסיון של מספר שנים בתפקיד אדמיניסטרטיבי עצמאי.
ניסיון בעבודה עם מערכות ממוחשבות. שליטה מלאה בתוכנות OFFICE, לרבות EXCEL .
ידע במערכת ERP ובמערכת מנהל תלמידים (ממת""א) יתרון.
ידיעת השפה העברית על בוריה ושליטה באנגלית ברמה טובה מאד.
יכולת עבודה עצמאית והשתלבות בעבודת צוות.
יוזמה, כושר תיאום ויכולת ארגון ומעקב.
יכולת התמודדות עם עומס משימות ועמידה בלוחות זמנים.
תודעת שירות גבוהה ויחסי אנוש מעולים.
הערה:  נדרשת נכונות לעבודה בשעות נוספות עפ""י הצורך."
מתאם/ת מערכות מחשוב- בית הספר לאדריכלות/ הפקולטה לאמנויות (JB-1309),אוניברסיטת תל אביב,תל אביב,2026-04-29,2026-05-05,https://www.tau.ac.il/JB-1309/2026/position,בית הספר לאדריכלות/הפקולטה לאמנויות,onsite,administrative,חיצוני,"טיפול בנושאי המחשוב של בית הספר, לרבות:
אחזקה ותפעול שוטף של ציוד המחשבים (מחשבים ניידיים, מדפסות,  חומרה, תוכנה ורשתות).
תפעול מערכות מולטימדיה (מקרנים, מגברים וכדו').
איתור תקלות ופתרונן.
ניהול הרשאות משתמשים.
ייעוץ לאנשי הסגל ברכישה של ציוד מחשבים ותוכנות, ואחריות להתקנתם.
קשר שוטף עם ספקים מורשים ועם אגף מחשוב וטכנולוגיות מידע.
סיוע, תמיכה והדרכה למשתמשים בתפעול הציוד והתוכנות.
ביצוע מטלות נוספות ככל שיידרש.","תואר אקדמי/טכנאי/הנדסאי בתחום רלוונטי - רצוי. תעודת בגרות מלאה - חובה.
הכשרה פורמלית בתחום המחשבים.
תעודת – MCSE / MCITP /MCP יתרון.
ניסיון של מספר שנים בהפעלה ובתחזוקה של מחשבים (אישיים וניידים), ציוד היקפי ורשתות תקשורת.
ניסיון באיתור תקלות חומרה ותוכנה ובטיפול בהן.
שליטה מלאה במערכות הפעלה Windows ובתוכנות Office ויישומיהן.
הכרת תוכנות אוטוקאד ותוכנות לאדריכלים.
הכרת מדפסת תלת מימד.
ידיעת השפה העברית על בוריה וידיעת השפה האנגלית ברמה טובה.
יכולת למידה עצמית של נושאים מורכבים והתעדכנות מקצועית.
יכולת עבודה עם מגוון רחב של צרכים טכנולוגיים.
יכולת הדרכת משתמשי קצה.
יכולת עבודה עצמאית והשתלבות בעבודה בצוות.
יכולת התמודדות עם ריבוי משימות ועומס.
יוזמה, סדר ודיוק, כושר תכנון ויכולת ארגון, תיאום ומעקב.
תודעת שירות מעולה ויחסי אנוש מעולים.
הערה: נדרשת נכונות לעבודה בשעות נוספות בהתאם לצורך."
"מתאם/ת מחשוב ורכז/ת מולטימדיה ואתרים- ביה""ס לעבודה סוציאלית/הפקולטה למדעי החברה (JB-1260)",אוניברסיטת תל אביב,תל אביב,2026-04-29,2026-05-05,https://www.tau.ac.il/JB-1260/2025/position,בית הספר לעבודה סוציאלית,onsite,administrative,חיצוני,"אחריות כוללת לתפעול ותחזוקה שוטפת של מערכות המולטימדיה בביה""ס (מקרנים, מערכות שמע, מיקרופונים, מגברים ומיקסרים וכו'), לרבות עבודה עם ציוד מולטימדיה ומערכות שליטה מורכבות ותכנותן.
אחריות לפיתוח, עדכון, הפעלה ותחזוקה של אתר האינטרנט של ביה""ס, לרבות בניית טפסים והטמעתם באתר. איסוף ועיבוד ראשוני של הנתונים שנאספו מהטפסים.
צילום והקלטת אירועי ביה""ס .
בניית דפי WIX לסגל ביה""ס.
סיוע בעריכה ועדכון ידיעון ביה""ס.
סיוע, הדרכה ותמיכה במשתמשים בתפעול ציוד המולטימדיה.
תמיכה בנושאי מחשוב ומולטימדיה בכנסים ושיעורים.
קשר עם מגוון גורמים באוניברסיטה ומחוצה לה.
ביצוע מטלות נוספות ככל שיידרש.","תואר אקדמי/טכנאי/הנדסאי בתחום רלוונטי- רצוי. תעודת בגרות מלאה- חובה.
הכשרה פורמלית בתחום המחשבים.
ידע וניסיון בהפעלה ובתחזוקה של ציוד מחשבים ומולטימדיה.
ידע וניסיון בהקמת אתרי אינטרנט ובניהולם.
יכולת ניהול פרסומים ברשתות חברתיות. הכרת מערכת DROUPAL.
היכרות מעמיקה בנושא  HTML ,CSS- יתרון.
ידע בעריכת תמונות וסרטי וידאו - יתרון.
ידיעת השפה העברית על בוריה וידיעת השפה האנגלית ברמה טובה מאד.
שליטה מלאה במערכת הפעלה  WINDOWSובתוכנות OFFICE ויישומיהן.
יכולת למידה והתעדכנות מקצועית ויכולת עבודה עם מגוון רחב של צרכים טכנולוגיים.
יכולת עבודה עצמאית והשתלבות בצוות.
יכולת התמודדות עם ריבוי משימות ועומס.
יוזמה, סדר ודיוק, כושר תכנון ויכולת ארגון, תיאום ומעקב.
תודעת שירות גבוהה ויחסי אנוש מעולים.
הערה: נדרשת נכונות לעבודה בשעות נוספות עפ""י הצורך."
רכז/ת תלמידים (JB-1325),אוניברסיטת תל אביב,תל אביב,2026-04-29,2026-05-04,https://www.tau.ac.il/JB-1325/position/2026,הפקולטה למדעים מדויקים,onsite,administrative,חיצוני,"טיפול בענייני תלמידים לתואר ראשון ולתואר שני, כולל:
מתן מענה שוטף לפניות תלמידים וסגל הוראה, קבלת קהל, ייעוץ והכוונה למועמדים ולתלמידים.
טיפול בקבלת מועמדים לתואר ראשון ולתואר שני.
רישום לקורסים ודיווח ציונים.
מעקב אחר מילוי חובות אקדמיים ויישום החלטות ועדת ההוראה.
טיפול בסגירת תיק תלמיד והפקת אישורים.
סיוע בארגון אירועים.
סיוע במערך הבחינות.
קיום קשר עם מגוון גורמים, בקמפוס ומחוצה לו.
ביצוע מטלות נוספות ככל שיידרש.","תואר אקדמי- רצוי. תעודת בגרות מלאה- חובה.
ניסיון של מספר שנים בתפקיד אדמיניסטרטיבי.
ניסיון בתחום מינהל תלמידים ובעבודה עם מערכת מינהל תלמידים - יתרון.
ידיעת השפה העברית על בוריה וידיעת השפה האנגלית ברמה טובה מאוד, לרבות יכולת הבעה ותכתובת בשפות אלו.
ניסיון בעבודה עם מערכות ממוחשבות ושליטה בתוכנות OFFICE, לרבות EXCEL.
יכולת עבודה עצמאית והשתלבות בעבודה בצוות.
יכולת התמודדות עם עומס וריבוי משימות.
יוזמה, כושר תיאום וארגון, סדר, דייקנות ויכולת מעקב.
תודעת שירות גבוהה, יחסי אנוש מעולים ויכולת מתן מענה לצרכים של אוכלוסיות מגוונות.
הערה: נדרשת נכונות לעבודה בשעות נוספות בהתאם לצורך."
מנהל/ת חשבונות מדור בקרה והתאמות-יחידת החשבות (JB-1328),אוניברסיטת תל אביב,תל אביב,2026-04-29,2026-05-04,https://www.tau.ac.il/position/jb-1328/2026,אגף הכספים כלכלה ותקציבים,onsite,administrative,פנימי,"ביצוע התאמות בנקים והתאמות כרטיסי אשראי כולל רישום פקודות יומן ידניות לסוגיהן.
ביצוע התאמות של הכנסות מתשלומים שונים.
טיפול שוטף ובירורים מול הבנקים, חברות האשראי ויחידות האוניברסיטה.
קיום ממשקים שוטפים עם גורמים באגף ובקמפוס.
ביצוע מטלות נוספות על פי הנחיית מנהלת המדור וככל שיידרש.","תעודת בגרות מלאה לפחות, רצוי תואר אקדמי.
תישקל מועמדותם של עובדים ותיקים שאינם עומדים בדרישת ההשכלה ועברו השתלמויות מקצועיות רלוונטיות לתפקיד.
סוג 2 לפחות בהנהלת חשבונות או תואר אקדמי בתחומי חשבונאות/כלכלה או בתחום דומה.
ניסיון של מספר שנים בתפקיד אדמיניסטרטיבי.
ניסיון של מספר שנים בהנהלת חשבונות ממוחשבת. ידע וניסיון בתחום ההתאמות - יתרון.
ניסיון בעבודה עם מערכות ממוחשבות ושליטה בתוכנות OFFICE, לרבות EXCEL.
ידיעת השפה העברית על בוריה וידיעת השפה האנגלית ברמה טובה.
הכרת הנהלים והתקנונים האוניברסיטאיים ושליטה ב-ERP – יתרון.
יכולת עבודה עצמאית והשתלבות בעבודה בצוות.
יכולת התמודדות עם עומס וריבוי משימות.
יוזמה, כושר תיאום וארגון, סדר, דייקנות ויכולת מעקב.
תודעת שירות גבוהה ויחסי אנוש מעולים.
הערה: נדרשת נכונות לעבודה בשעות נוספות בהתאם לצורך"
"רכז/ת מורים, ועדת מינויים והתמחויות- ביה""ס לרפואת שיניים (JB-1319)",אוניברסיטת תל אביב,תל אביב,2026-04-29,2026-05-03,https://www.tau.ac.il/JB-1319/2026/position,"ביה""ס לרפואת שיניים/הפקולטה לרפואה",onsite,administrative,חיצוני,"טיפול בסגל אקדמי בכיר וזוטר, כולל הארכת מינויים ועדכון היקפי משרה ונתונים נוספים במערכת ה- ERP,
טיפול בביטוח אחריות מקצועית, ריכוז טפסי דיווח שעות עבודה וקבלת קו""ח מעודכנים וטפסי משוב.
טיפול בסגל אקדמי שעתי ומתנדב, כולל טיפול בקליטה ובדוחות נוכחות, עדכון וסיום מינויים, ריכוז הטיפול באישורי חניה וסיוע שוטף ומתן מענה בנושאים השונים.
ניהול ההליך האקדמי של תיקי מועמדות למינוי וקידום אקדמי לרבות מתן מענה למועמדים, קבלת תיקי מועמדים ובדיקתם, ריכוז הועדה היחידתית, לרבות זימון ישיבות, הכנת תיקים לדיון, טיפול בתיקים בהתאם להחלטות הוועדה, כתיבת פרוטוקולים והפצתם.
מינוי ועדות מקצועיות, ריכוז הטיפול בפניות לסוקרים, בחינת איכות ותקינות המכתבים, קבלת תשובות ומעקב אחרי ביצוע החלטות, מתן מידע לוועדה המקצועית והגשת תיקים למזכירות האקדמית.
טיפול כולל בתוכניות ההתמחות בבית הספר, לרבות פרסום קול קורא, ריכוז רישום מועמדים, העברת מידע לוועדת הקבלה המחלקתית, ליווי פגישות הוועדות ושליחת מכתבי תשובה. טיפול בהמשך ההליך, כולל גבייה, איסוף מסמכים, מתן אישורים, הרשאות ועוד.
קשר עם מגוון גורמים בבית הספר, בפקולטה, באוניברסיטה ומחוצה לה.
ביצוע מטלות נוספות ככל שיידרש.","תואר אקדמי- רצוי. תעודת בגרות מלאה- חובה.
ניסיון של מספר שנים בתפקיד אדמיניסטרטיבי עצמאי.
ניסיון  בתחום המינהל האקדמי ו/או כוח אדם - יתרון.
ידיעת השפה העברית על בוריה וידיעה טובה מאוד של השפה האנגלית, לרבות יכולת תכתובת בשפות אלו.
ניסיון בעבודה עם מערכות ממוחשבות ושליטה בתוכנות OFFICE, לרבות EXCEL.
הכרת הנהלים והתקנונים האוניברסיטאיים ושליטה ב- ERP – יתרון.
יכולת עבודה עצמאית והשתלבות בעבודה בצוות.
יכולת התמודדות עם ריבוי משימות ועומס.
יוזמה, סדר ודיוק, כושר תכנון ויכולת ארגון, תיאום ומעקב.
תודעת שירות גבוהה ויחסי אנוש מעולים.
הערה:  נדרשת נכונות לעבודה בשעות נוספות בהתאם לצורך."
"מ""מ רכז/ת תלמידים",אוניברסיטת תל אביב,תל אביב,2026-04-29,2026-05-03,https://www.tau.ac.il/JB-1322/position/2026,הפקולטה למדעי הרוח,onsite,administrative,חיצוני,"טיפול בענייני תלמידים כולל:
מתן מענה למתעניינים וטיפול במועמדים משלב ההרשמה ועד לקליטתם בחוג.
מעקב אחר מצב הלימודים של תלמידי התואר: מילוי חובות אקדמיים, בדיקת דרישות קדם, יישום החלטות ועדת ההוראה ובדיקת זכאות לתואר.
מתן מענה שוטף לפניות תלמידים ולסגל האקדמי, לרבות קבלת קבל ומתן ייעוץ והכוונה, ארגון חומר לימודי, לרבות סילבוסים, רישום לקורסים ודיווח ציונים.
טיפול שוטף בחילופי סטודנטים ומתן פטורים מול הגורמים השונים.
הזנת נתונים למערכת הממוחשבת.
סיוע בארגון סיורים, אירועים, כנסים.
קשר שוטף עם מגוון גורמים בפקולטה ובאוניברסיטה.
ביצוע מטלות נוספות ככל שיידרש.","תעודת בגרות מלאה- חובה. רצוי תואר אקדמי.
ניסיון של מספר שנים בתפקיד אדמיניסטרטיבי.
ניסיון בתחום מינהל תלמידים ובעבודה עם מערכות מינהל תלמידים - יתרון.
ידיעת השפה העברית על בוריה וידיעת השפה האנגלית ברמה טובה.
ניסיון בעבודה עם מערכות ממוחשבות ושליטה בתוכנות OFFICE.
הכרת הנהלים והתקנונים האוניברסיטאיים ושליטה ב-ERP - יתרון.
יכולת עבודה עצמאית והשתלבות בעבודה בצוות.
יכולת התמודדות עם עומס וריבוי משימות.
יוזמה, כושר תיאום וארגון, סדר, דייקנות ויכולת מעקב.
תודעת שירות גבוהה ויחסי אנוש מעולים."
עובד/ת תחזוקה (JB-1278),אוניברסיטת תל אביב,תל אביב,2026-04-29,2026-05-03,https://www.tau.ac.il/position/jb-1278/2026,הפקולטה להנדסה,onsite,administrative,חיצוני,"ביצוע עבודות תחזוקה ותפעול שוטף בבנייני הפקולטה, כולל:
איתור תקלות ותיקונן.
טיפול במפגעים ובעיות בתחום הבטיחות.
ארגון כיתות הלימוד והציוד הנדרש.
סיוע בפיקוח על ניקיון הבניינים.
חלוקת ציוד, כולל פינוי, סחיבה ושינוע של ציוד כבד משקל.
ביצוע שליחויות בקמפוס.
סיוע בארגון טקסים ואירועים בפקולטה.
מתן שירות לסגל האקדמי והמנהלי ולציבור הסטודנטים.
דיווח על תקלות באמצעות המערכת הממוחשבת.
ביצוע עבודות תחזוקה בבניין
ביצוע מטלות נוספות בהתאם להנחיית הממונים וככל שיידרש.","השכלה תיכונית/מקצועית מלאה, לפחות.
ידע טכני וניסיון בעבודה בתחום האחזקה.
יכולת איתור תקלות וביצוע תיקונים קלים.
כושר גופני טוב.
רישיון נהיגה.
ידע בסיסי בעבודה עם מערכות ממוחשבות.
ידע ויכולת תפעול מכשירים ומערכות מולטימדיה.
ידיעה טובה של השפה העברית ויכולת תקשורת בסיסית בשפה האנגלית.
יכולת עבודה עצמאית והשתלבות בצוות.
יכולת עבודה בעומס משימות ובלחץ.
תודעת שירות גבוהה ויחסי אנוש מעולים.
הערה:  התפקיד כרוך בעבודה במשמרות.
ביצוע תורנויות בימי שישי, ערבי חג וחול המועד, בהתאם לצורך."
אחראי/ת טכני/ת מעבדות הוראה לביו-אלקטרוניקה (JB-1254),אוניברסיטת תל אביב,תל אביב,2026-04-29,2026-05-03,https://www.tau.ac.il/position/JB-1254/2025,הפקולטה להנדסה,onsite,administrative,חיצוני,"אחריות כוללת על תפעול ותחזוקת המעבדות, כולל הפעלת מכשירי מדידה אלקטרוניים לניטור וניתוח ממוחשב של מדדים פיזיולוגיים.
תמיכה שוטפת במכשור ובתוכנות ההפעלה במעבדות ההוראה, כולל טיפול בתקלות בזמן אמת, בדיקה והגדרה של ציוד נדרש, ורכש של ציוד חדש ומתכלה.
פיתוח והטמעת מערכי ניסוי חדשים, תכנון מערכים קיימים ושדרוגם לפי הצורך, כולל אפיון דרישות חומרה ותוכנה.
הדרכת סטודנטים בביצוע ניסויים והכשרתם לעבודה עם ציוד המעבדה, סיוע בפעילויות Hands-On במסגרת הקורסים.
הגדרת נהלי בטיחות והטמעתם בקרב מדריכים וסטודנטים.
ליווי,מעקב ותמיכה בפרויקטים בשיתוף התעשייה, חוקרים באוניברסיטה ובתי חולים.
ביצוע מטלות נוספות עפ""י הצורך.","תואר ראשון בהנדסה או במדעים מדויקים.
ניסיון בתפעול מעבדות הוראה ו/או בהדרכת פרויקטים - יתרון.
היכרות מעמיקה עם ציוד מדידה אלקטרוני, ובפרט חיישנים למדדים פיזיולוגיים.
ניסיון בעבודה עם לוחות פיתוח ובקרים (Arduino, ESP32, Raspberry Pi Pico) כולל תוכנה.
שליטה בסביבת פיתוח LabView ובממשקי תוכנה נוספים לחיבור חומרה.
ידיעת השפה העברית על בוריה וידיעת השפה האנגלית ברמה גבוהה.
יכולת עבודה עצמאית והשתלבות בצוות.
יכולת הדרכה.
חשיבה יצירתית, יוזמה, יכולת ארגון, סדר ודיוק.
יכולת התמודדות עם ריבוי משימות ועומס.
תודעת שירות גבוהה ויחסי אנוש מעולים
הערה: נדרשת נכונות לעבודה בשעות נוספות עפ""י הצורך."
"רכז/ת תלמידים לתארים מתקדמים החוג לסוציולוגיה ואנתרופולוגיה ביה""ס ללימודי חברה ומדיניות (JB-1318)",אוניברסיטת תל אביב,תל אביב,2026-04-29,2026-05-03,https://www.tau.ac.il/position/jb-1318/2026,הפקולטה למדעי החברה,onsite,administrative,חיצוני,"טיפול בענייני תלמידים לתארים מתקדמים בחוג לסוציולוגיה ואנתרופולוגיה, כולל:
מתן מענה שוטף לפניות מועמדים, הכנת תיקי מועמדים לדיון בוועדות הקבלה, זימון לריאיונות וטיפול בקבלתם.
טיפול בתלמידים ובסגל החוג, קבלת קהל, מתן ייעוץ והכוונה.
רישום לקורסים, דיווח ציונים והזנת נתונים. בדיקה ומעקב אחר מילוי חובות אקדמיים, דרישות קדם וסגירת התואר.
סיוע בבניית תכניות הלימודים ומערכת השעות, בהכנת הידיעון, תיאום לוח הבחינות, ארגון החומר הלימודי לרבות סילבוסים.
טיפול במקרים חריגים, ריכוז בקשות לוועדת הוראה, מעקב ויישום אחר החלטות הוועדה.
סיוע בארגון כנסים, ימי עיון וסמינרים מחלקתיים.
קיום קשר שוטף עם מגוון גורמים בפקולטה ובאוניברסיטה.
ביצוע מטלות נוספות בהתאם להנחיות האחראית המנהלית של החוג.","תואר אקדמי-רצוי. תעודת בגרות מלאה-חובה.
ניסיון של מספר שנים בתפקיד אדמיניסטרטיבי עצמאי.
ניסיון בתחום מינהל תלמידים ובעבודה עם מערכות מינהל תלמידים – יתרון.
ידיעת השפה העברית על בוריה ושליטה בשפה האנגלית ברמה טובה, לרבות יכולת ניסוח, הבעה ותכתובת בשפות אלה.
ניסיון בעבודה עם מערכות ממוחשבות, ושליטה בתוכנות OFFICE, לרבות EXCEL.
ידע בתוכנות גלבוע וממת""א-יתרון.
הכרת הנהלים והתקנונים האוניברסיטאיים ושליטה ב-ERP – יתרון.
יכולת עבודה עצמאית והשתלבות בעבודה בצוות.
יכולת התמודדות עם עומס וריבוי משימות.
יוזמה, כושר תיאום וארגון, סדר, דייקנות ויכולת מעקב.
תודעת שירות גבוהה ויחסי אנוש מעולים.
הערה: נדרשת נכונות לעבודה בשעות נוספות בהתאם לצורך."
"סייע/ת - מילוי מקום משרה ארעית, בית הספר לרפואת שיניים (JB-1292)",אוניברסיטת תל אביב,תל אביב,2026-04-29,2026-05-03,https://www.tau.ac.il/JB-1292/2026/position,בית הספר לרפואת שיניים,onsite,administrative,חיצוני,"מתן שירותי סייעות שיניים לסגל הרופאים, המתמחים והסטודנטים בביה""ס, כולל:
סיוע לצוות המטפל.
תפעול הכיסא הדנטלי והמכשירים הנמצאים בחדר הטיפולים.
אחריות על הסדר והניקיון בחדר הטיפולים, לרבות ביצוע סטריליזציה.
אחריות על תקינות הציוד ודיווח על תקלות.
ביצוע מטלות נוספות ככל שיידרש.","השכלה תיכונית/מקצועית מלאה. רצויה תעודת בגרות מלאה.
תעודת סייע/ת ברפואת שיניים מוכרת ע""י משרד הבריאות ו/או עבודה פרקטית כסייעת שיניים במשך שלוש שנים לפחות.
ידע בתפעול הכיסא הדנטלי ובמכשור בתחומי רפואת שיניים.
יכולת השתלבות בעבודה בצוות.
שליטה בשפה העברית. שפה אנגלית – יתרון.
יכולת עבודה בסביבה ממוחשבת.
יכולת עבודה בעומס ובלחץ.
תודעת שירות גבוהה, יחסי אנוש מעולים ויכולת לתת מענה לצרכים של אוכלוסיות מגוונות.
הערה: העבודה במשמרות. נדרשת נכונות לביצוע שעות נוספות בהתאם לצורך."
"רכז/ת התוכנית לפיתוח בר קיימה ביה""ס לחברה ומדיניות (JB-1293)",אוניברסיטת תל אביב,תל אביב,2026-04-29,2026-05-03,https://www.tau.ac.il/position/jb-1293/2026,בית הספר ללימודי חברה ומדיניות,onsite,administrative,חיצוני,"ריכוז הפעילות האדמיניסטרטיבית של התוכנית לפיתוח בר קיימה (הנלמדת בשפה האנגלית), כולל:
אחריות לגיוס תלמידים לתוכנית מהארץ ומחו""ל.
מתן מענה למתעניינים בתוכנית וטיפול במועמדים משלב ההרשמה ועד לקליטתם בתוכנית.
טיפול שוטף בתלמידי התוכנית במהלך לימודיהם ועד לסיום התואר.
טיפול בנושאי הוראה והסגל האקדמי בתוכנית, לרבות תכנון תכנית הלימודים, טיפול במלגות, ארגון כנסים וסיורים וכיוב'.
אחריות לעדכון אתר האינטרנט של התוכנית.
קשר עם מגוון גורמים באוניברסיטה ובחו""ל, לרבות קיום תכתובת שוטפת עמם.
ביצוע מטלות נוספות לפי הנחיות הממונה.","תואר אקדמי-רצוי, תעודת בגרות מלאה-חובה.
ניסיון של מספר שנים בתפקיד אדמיניסטרטיבי עצמאי.
ניסיון בתחום מינהל תלמידים ובעבודה עם מערכות מינהל תלמידים – יתרון.
ידיעת השפה העברית על בוריה ושליטה בשפה האנגלית ברמה גבוהה, לרבות יכולת ניסוח הבעה ותכתובת בשפות אלו.
ניסיון בעבודה עם עולים חדשים ומול גורמים בינלאומיים - יתרון.
ניסיון בעבודה עם מערכות ממוחשבות ושליטה בתוכנות OFFICE.
הכרת הנהלים והתקנונים האוניברסיטאיים ושליטה ב-ERP -יתרון.
יכולת עבודה עצמאית והשתלבות בעבודת צוות.
יכולת התמודדות עם עומס וריבוי משימות.
יוזמה, כושר תיאום וארגון, סדר, דייקנות ויכולת מעקב.
תודעת שירות גבוהה ויחסי אנוש מעולים, יכולת מתן מענה לצרכים של אוכלוסיות מגוונות, סגל וסטודנטים מהארץ ומחו""ל.
הערות :  נדרשת נכונות לביצוע שעות נוספות בהתאם לצורך.
כפיפות : מנהלת המערך המינהלי של ביה""ס."
רכז/ת בחינות לתואר שני (JB-1311),אוניברסיטת תל אביב,תל אביב,2026-04-29,2026-05-03,https://www.tau.ac.il/JB-1311/position/2026,הפקולטה לניהול,onsite,administrative,חיצוני,"ריכוז הטיפול במערך הבחינות בפקולטה, כולל:
אחריות לגיוס משגיחים ותומכים טכניים, לרבות הנחייתם, שיבוצם, התנהלותם ופיקוח על עבודתם.
שיבוץ חדרים לבחינות, בתיאום עם גורמים בפקולטה ומחוצה לה.
ריכוז מערך הדרכה והטמעה של תוכנת הבחינות הממוחשבות לכלל המשתמשים (סטודנטים וסגל) לרבות ניהול התקשורת עם נציגי החברה המפעילה, סיוע בפתרון בעיות במערכת הממוחשבת לפני ובמהלך הבחינות, תמיכה ומתן מענה לסגל ולתלמידים.
קביעת לוח בחינות ומועדים מיוחדים, קביעת זכאות התלמידים למועד מיוחד.
אחריות להדפסה ושכפול של טופסי הבחינות.
הפקת רשימות הנבחנים ושיבוצם לחדרי הבחינה.
מעקב אחר החזרת הבחינות וסריקתן.
טיפול בסטודנטים בעלי התאמות לימודיות בכל הקשור לבחינות.
טיפול בערעורים.
השתתפות בימים פתוחים, כנסים, טקסים וסיוע בכל הנדרש בארגונם.
אישור התשלומים למשגיחים ולתומכים הטכניים.
סיוע שוטף במזכירות התלמידים, קבלת קהל ומתן מענה למועמדים ולסטודנטים, מענה במערכת פניות וביצוע מטלות נוספות ככל שיידרש.","תואר ראשון - רצוי. תעודת בגרות מלאה לפחות - חובה.
ניסיון של מספר שנים בתפקיד אדמיניסטרטיבי.
ניסיון בתחום מינהל תלמידים ובעבודה עם מערכות מינהל תלמידים - יתרון.
ידיעת השפה העברית על בוריה וידיעת השפה האנגלית ברמה טובה מאוד.
ניסיון בעבודה עם מערכות ממוחשבות ושליטה בתוכנות OFFICE, לרבות EXCEL.
יכולת עבודה עצמאית והשתלבות בעבודה בצוות.
יכולת הנחייה ופיקוח.
יכולת התמודדות עם עומס וריבוי משימות.
יוזמה, כושר תיאום וארגון, סדר, דייקנות ויכולת מעקב.
תודעת שירות גבוהה ויחסי אנוש מעולים.
הערה: נדרשת נכונות לעבודה בשעות נוספות עפ""י הצורך."
"מ""מ רכז/ת שכר לימוד - היחידה לשכר לימוד/אגף רישום ומינהל תלמידים (JB-1298)",אוניברסיטת תל אביב,תל אביב,2026-04-29,2026-05-03,https://www.tau.ac.il/JB-1298/2026/position,אגף רישום ומנהל תלמידים,onsite,administrative,חיצוני,"טיפול בכל נושאי שכר הלימוד של תלמידי האוניברסיטה, כולל:
מתן מענה שוטף לפניות תלמידים בנושאים הקשורים לחישוב שכר לימוד, קבלת קהל ומתן מענה טלפוני/דוא""ל/ווטסאפ.
קיום קשר עם גורמים שונים באוניברסיטה (מזכירויות חוגים, אגף הכספים, דקאנט הסטודנטים, משאבי אנוש ועוד).
טיפול במפסיקי לימודים.
מעקב ובדיקה אחר מקורות המימון השונים (מלגות וכו').
קליטה ועדכון של תשלומים וגביית חובות.
ביצוע התאמות בנקים.
ריכוז פניות לוועדת חריגים.
ביצוע מטלות נוספות ככל שיידרש.","תואר אקדמי בכלכלה/חשבונאות/מנהל עסקים או בתחום דומה- רצוי. תעודת בגרות מלאה- חובה.
ניסיון של מספר שנים בתפקיד אדמיניסטרטיבי.
רקע בהנהלת חשבונות - יתרון.
הכרת הנהלים והתקנונים האוניברסיטאיים בתחום מינהל תלמידים- יתרון.
ידיעת השפה העברית על בוריה ושליטה באנגלית ברמה טובה.
ניסיון בעבודה עם מערכות ממוחשבות ושליטה בתוכנות OFFICE, לרבות EXCEL.
יכולת עבודה עצמאית והשתלבות בעבודה בצוות.
יכולת התמודדות עם עומס וריבוי משימות.
יוזמה, כושר תיאום וארגון, סדר, דייקנות ויכולת מעקב.
תודעת שירות גבוהה ויחסי אנוש מעולים
הערה: נדרשת נכונות לביצוע שעות נוספות בהתאם לצורך."
רכז/ת תלמידים ובחינות (JB-1248),אוניברסיטת תל אביב,תל אביב,2026-04-29,2026-05-03,https://www.tau.ac.il/position/JB-1248/2025,"הפקולטה למשפטים ע""ש בוכמן",onsite,administrative,חיצוני,"סיוע לרכז/ת הבחינות בתפעול הבחינות בייחוד בחינות המתנהלות אחר הצהריים.
הפעלת המשגיחים ואחריות על התנהלות הבחינות, כולל תמיכה טכנית בבחינות הממוחשבות.
טיפול בהתאמת תנאי הבחינה לתלמידים.
טיפול בהפקה ובמשלוח אישורים וגליונות ציונים בארץ ובחו""ל.
סיוע בארגון טקסים, ימים פתוחים, ימי עיון, סמינרים ואירועים בפקולטה.
סיוע למזכירות התלמידים בהתאם לצורך.
טיפול בתקציבי מחקר, הזמנות רכש, משלוחים, החזרים כספיים ובנסיעות לחו""ל.
עדכון שוטף וסיוע בתפעול פעילויות הפקולטה.
מתן מענה שוטף לסגל הפקולטה.
ביצוע מטלות נוספות כפי שתוטלנה על ידי סגן ראש מנהל ועל ידי סגן הדקאן.","תואר אקדמי - רצוי. תעודת בגרות מלאה – חובה.
חובה ניסיון בתפקיד אדמיניסטרטיבי.
ניסיון בתחום מינהל תלמידים ובעבודה עם מערכות מינהל תלמידים - יתרון.
ידיעת השפה העברית על בוריה וידיעה מצוינת של השפה האנגלית, כולל יכולת ניסוח בכתב ובע""פ.
ניסיון בעבודה עם מערכות ממוחשבות ושליטה בתוכנות OFFICE, לרבות EXCEL.
הכרת הנהלים והתקנונים האוניברסיטאיים ושליטה ב-ERP – יתרון.
יכולת עבודה עצמאית והשתלבות בעבודה בצוות.
יכולת התמודדות עם עומס וריבוי משימות.
יוזמה, כושר תיאום וארגון, סדר, דייקנות ויכולת מעקב.
תודעת שירות גבוהה ויחסי אנוש מעולים.
הערה: העבודה מתבצעת משעות הבוקר המאוחרות ועד לשעות אחה""צ.
בתקופת הבחינות מתקיימת עבודה בימי שישי ובשעות נוספות בהתאם לצורך."
עובד/ת תחזוקה (JB-1306),אוניברסיטת תל אביב,תל אביב,2026-04-29,2026-05-03,https://www.tau.ac.il/JB-1306/position/2026,"הספרייה למדעי החברה, לניהול ולחינוך ע""ש ברנדר-מוס",onsite,administrative,חיצוני,"ביצוע עבודות תחזוקה ותפעול שוטף בבניין הספרייה , כולל :
איתור תקלות ותיקונן.
הזמנת בעלי מקצוע ופיקוח על קבלנים.
טיפול במפגעים ובבעיות בתחום הבטיחות.
סיוע בפיקוח על ניקיון הבניין ועל עבודתם של עובדי הניקיון.
סיוע בארגון אירועים, טקסים ופעילויות מגוונות בספרייה.
מתן שירות לסגל ולסטודנטים במכלול הנושאים שבטיפול.
ארגון אולמות הספרייה חדרי הלימוד בספרייה והציוד המותקן בהם, לרבות טיפול בתחזוקתו.
פינוי, שינוע וסחיבה של משאות כבדים.
דיווח על תקלות באמצעות המערכת הממוחשבת.
השתתפות בפרויקטים שונים של הספרייה ובצוותי העבודה הפועלים בספרייה.
ביצוע מטלות נוספות בהתאם לצורך וע""פ הנחיית הממונים.","השכלה תיכונית/מקצועית מלאה- חובה.
ידע טכני וניסיון בעבודה בתחום האחזקה.
יכולת איתור תקלות וביצוע תיקונים קלים.
כושר גופני טוב.
רישיון נהיגה.
ידע בסיסי בעבודה עם מערכות ממוחשבות.
ידע ויכולת תפעול של מכשירים ומערכות מולטימדיה.
ידיעה טובה של השפה העברית ויכולת תקשורת בשפה האנגלית.
יכולת עבודה עצמאית והשתלבות בצוות.
יכולת עבודה בעומס ובלחץ.
תודעת שירות גבוהה ויחסי אנוש מעולים.
הערה: התפקיד כרוך בעבודה במשמרות.
ביצוע תורנויות בימי שישי, ערבי חג וחול המועד וביצוע שעות נוספות בהתאם לצורך."
רכז/ת בכיר/ה למינהל - השירות הפסיכולוגי (JB-1326),אוניברסיטת תל אביב,תל אביב,2026-04-29,2026-05-03,https://www.tau.ac.il/JB-1326/2026/position,דקאנט הסטודנטים,onsite,administrative,פנימי,"אחריות על התפעול האדמיניסטרטיבי בשירות הפסיכולוגי של הדקאנט להצלחת הסטודנטים והסטודנטיות:
ניהול, פיקוח ותיאום של הפעילות האדמיניסטרטיבית ומתן תמיכה שוטפת לצוות השירות.
מתן מענה שירותי לסטודנטים, לצוות ולגורמי חוץ – במייל, בטלפון, ובאופן פרונטלי.
רישום מטופלים במערכות הממוחשבות, פתיחת תיק מטופל, אחריות בהפניות חדשות לטיפול ולהתאמות לימודיות על רקע נפשי.
טיפול בתהליכים פיננסיים: גבייה, הכנת דוחות כספיים, סיוע בהזמנות רכש ומעקב תקציבי.
טיפול בנושאי משאבי אנוש לרבות קליטת עובדים, תיאום מול גורמי הדקאנט ומשרד הבריאות.
ליווי והדרכת מטפלים חדשים במהלך שנות ההכשרה שלהם וסיוע בהפקת פעילויות צוותיות.
תיאום ובניית מערך חדרים לצוות.
תיוק בארכיון השירות וגריסת חומרים רגישים.
ביצוע מטלות נוספות ככל שיידרש.","תעודת בגרות מלאה לפחות, רצוי תואר אקדמי.
ניסיון של מספר שנים בתפקיד אדמיניסטרטיבי עצמאי.
ניסיון בעבודת מינהל עצמאית בתחום הכספים – יתרון.
ידיעת השפה העברית על בוריה וידיעת השפה האנגלית ברמה טובה.
ניסיון בעבודה עם מערכות ממוחשבות ושליטה בתוכנות OFFICE, לרבות EXCEL.
היכרות עם מערכות טיפולוג – יתרון.
הכרת הנהלים והתקנונים האוניברסיטאיים ושליטה ב-ERP – יתרון.
יכולת עבודה עצמאית ויכולת עבודה בצוות ובממשקים מגוונים.
יכולת התמודדות עם ריבוי משימות, לחץ ועומס.
יוזמה, סדר ודיוק, כושר תכנון ויכולת ארגון, תיאום ומעקב.
תודעת שירות גבוהה ויחסי אנוש מעולים, מתן מענה לאוכלוסיות מגוונות, ברגישות ובדיסקרטיות.
הערה: נדרשת נכונות לעבודה בשעות נוספות בהתאם לצורך."
עובד/ת תחזוקה (JB-1302),אוניברסיטת תל אביב,תל אביב,2026-04-29,2026-04-29,https://www.tau.ac.il/JB-1302/position/2026,הפקולטה למדעים מדויקים,onsite,administrative,חיצוני,"ביצוע עבודות תחזוקה ותפעול שוטף בבנייני הפקולטה. כולל:
איתור תקלות ותיקונן.
טיפול במפגעים ובבעיות בתחום הבטיחות.
ארגון כיתות הלימוד והציוד הנדרש.
סיוע בפיקוח על ניקיון הבניינים.
חלוקת ציוד, כולל פינוי, שינוע וסחיבה של ציוד כבד משקל.
חלוקת דואר וביצוע שליחויות בקמפוס.
סיוע בארגון טקסים ואירועים בפקולטה.
מתן שירות לסגל האקדמי והמנהלי ולציבור הסטודנטים.
דיווח על תקלות באמצעות המערכת הממוחשבת.
ביצוע מטלות נוספות בהתאם לצורך וע""פ הנחיית הממונים.","השכלה תיכונית/מקצועית מלאה- חובה.
ידע טכני וניסיון בעבודה בתחום האחזקה.
יכולת איתור תקלות וביצוע תיקונים קלים.
כושר גופני טוב.
רישיון נהיגה.
ידע בסיסי בעבודה עם מערכות ממוחשבות.
ידע ויכולת תפעול של מכשירים ומערכות מולטימדיה.
ידיעה טובה של השפה העברית ויכולת תקשורת בשפה האנגלית.
יכולת עבודה עצמאית והשתלבות בצוות.
יכולת עבודה בעומס ובלחץ.
תודעת שירות גבוהה ויחסי אנוש מעולים.
הערה: התפקיד כרוך בעבודה במשמרות.
ביצוע תורנויות בימי שישי, ערבי חג וחול המועד, בהתאם לצורך."
עובד/ת תחזוקה (JB-1317),אוניברסיטת תל אביב,תל אביב,2026-04-29,2026-04-29,https://www.tau.ac.il/JB-1317/position/2026,"הפקולטה למשפטים ע""ש בוכמן",onsite,administrative,חיצוני,"ביצוע עבודות תחזוקה ותפעול שוטף, כולל :
איתור תקלות ותיקונן.
טיפול במפגעים ובבעיות בתחום הבטיחות והניקיון.
ארגון כיתות לימוד והאולמות, לרבות הציוד הנדרש.
סיוע בפיקוח על ניקיון הבניין בכללותו.
ביצוע שליחויות בקמפוס.
סיוע בארגון טקסים ואירועים.
מתן שירות לסגל האקדמי, המנהלי, ספריית משפטים ולציבור הסטודנטים.
דיווח על תקלות באמצעות המערכת הממוחשבת.
חלוקת ציוד, כולל פינוי, שינוע וסחיבה של משאות כבדים.
ביצוע מטלות נוספות בהתאם לצורך וע""פ הנחיית הממונים.","השכלה תיכונית/מקצועית מלאה, לפחות.
ידע טכני וניסיון בעבודה בתחום האחזקה.
יכולת איתור תקלות וביצוע תיקונים.
כושר גופני טוב.
רישיון נהיגה.
ידע בעבודה עם מערכות ממוחשבות.
ידע ויכולת תפעול מכשירים ומערכות מולטימדיה.
ידיעה טובה של השפה העברית ויכולת תקשורת בשפה האנגלית.
יכולת עבודה עצמאית והשתלבות בצוות.
יכולת עבודה בעומס ובלחץ.
יוזמה, תודעת שירות גבוהה ויחסי אנוש מעולים.
הערה : התפקיד כרוך בעבודה במשמרות.
ביצוע תורנויות בימי שישי, ערבי חג וחול המועד, בהתאם לצורך.
נדרשת נכונות לביצוע שעות נוספות בהתאם לצורך."
רכז/ת תלמידים/ות- בית הספר לקולנוע וטלוויזיה/הפקולטה לאמנויות (JB-1308),אוניברסיטת תל אביב,תל אביב,2026-04-29,2026-04-29,https://www.tau.ac.il/JB-1308/2026/position,"בית הספר לקולנוע ולטלוויזיה ע""ש סטיב טיש",onsite,administrative,חיצוני,"טיפול בענייני תלמידים לתואר ראשון ושני כולל:
מתן מענה שוטף לפניות מועמדים, תלמידים וסגל ביה""ס, קבלת קהל ומתן ייעוץ והכוונה.
סיוע בהכנת הידיעון, ארגון החומר הלימודי, רישום לקורסים, דיווח ציונים והזנת נתונים .
קשר עם אגף רישום ומינהל תלמידים וריכוז ועדות הקבלה.
בדיקה ומעקב אחר מילוי חובות אקדמיים וטיפול בסגירת התואר.
סיוע בקביעת מערכת השעות ותיאום לוח הבחינות מול מזכירות הפקולטה.
טיפול במקרים חריגים, ריכוז ועדות הוראה ומעקב אחר החלטותיהן.
סיוע בארגון כנסים, אירועים וטקסים.
ביצוע מטלות נוספות ככל שיידרש.","תואר אקדמי- רצוי. תעודת בגרות מלאה- חובה.
ניסיון של מספר שנים בתפקיד אדמיניסטרטיבי.
ניסיון בתחום מינהל תלמידים – יתרון.
ידיעת השפה העברית על בוריה ושליטה באנגלית ברמה טובה מאוד, לרבות יכולת הבעה ותכתובת בשפות אלה.
ניסיון בעבודה עם מערכות ממוחשבות, כולל שליטה מלאה ביישומי OFFICE.
ידע בתוכנות גלבוע וממת”א – יתרון.
הכרת הנהלים והתקנונים האוניברסיטאיים ושליטה ב-ERP – יתרון.
יכולת עבודה עצמאית והשתלבות בעבודה בצוות.
יכולת התמודדות עם עומס וריבוי משימות.
יוזמה, כושר תיאום וארגון, סדר, דייקנות ויכולת מעקב.
תודעת שירות גבוהה ויחסי אנוש מעולים.
הערה: נדרשת נכונות לעבודה בשעות נוספות בהתאם לצורך."
רכז/ת כוח אדם- מדור כוח אדם ובקרה (JB-1310),אוניברסיטת תל אביב,תל אביב,2026-04-29,2026-04-29,https://www.tau.ac.il/JB-1310/position/2026,אגף משאבי אנוש,onsite,administrative,חיצוני,"טיפול בנושאי כוח אדם מנהלי ואקדמי, כולל:
טיפול בנושאים הקשורים להעסקת עובדים, ממועד תחילת עבודתם ועד לסיום/פרישה.
תמיכה שוטפת לרפרנטים לכ""א ביחידות בהחלת הסכמי העסקה, נהלים אוניברסיטאיים וחוקי עבודה.
טיפול בנושאי מינויים ונוכחות ובנושאי פרט כגון החזר שכר לימוד, אישורי העסקה ועוד.
עבודה על מערכות ממוחשבות: כ""א, נוכחות ושכר.
בקרה על תקציבי כוח אדם.
קשר עם מגוון גורמי מנהל באוניברסיטה ומחוצה לה.
קבלת קהל ומתן סיוע ומענה לפונים.
ביצוע מטלות נוספות ככל שיידרש.","תואר אקדמי- רצוי. תעודת בגרות מלאה- חובה.
ניסיון קודם בעבודה בתחום משאבי אנוש.
ידע והתמצאות בדיני עבודה והסכמים - יתרון.
ידיעת השפה העברית על בוריה, לרבות יכולת ניסוח והבעה וידיעה טובה של השפה האנגלית.
ניסיון בעבודה עם מערכות ממוחשבות ושליטה בתוכנות OFFICE, לרבות EXCEL.
ניסיון במערכת נוכחות חילן-נט ובמערכת ERP - יתרון.
יכולת עבודה עצמאית והשתלבות בעבודה בצוות.
יכולת התמודדות עם עומס וריבוי משימות.
יוזמה, כושר תיאום וארגון, סדר, דייקנות ויכולת מעקב.
תודעת שירות גבוהה ויחסי אנוש מעולים.
הערה: נדרשת נכונות לעבודה בשעות נוספות עפ""י הצורך."
ראש מסלול בימוי- החוג לאמנות התיאטרון,אוניברסיטת תל אביב,תל אביב,2026-04-29,2026-05-03,https://www.tau.ac.il/academic-Position/URL227,החוג לאמנות התיאטרון,onsite,academic_staff,חיצוני,"קול קורא
למשרת ראש/ת מסלול בימוי
בחוג לאמנות התיאטרון, אוניברסיטת תל אביב
החל מאוקטובר 2026 (שנה""ל תשפ""ז)
היקף המשרה: 50% למשך זמן התפקיד
החוג לאמנות התיאטרון פונה למועמדים/ות למשרה של ראש/ת מסלול בימוי בחוג. מסלול בימוי נועד להכשיר במאים ובמאיות בשדה התיאטרון והמופע, תוך התמקצעות בתחומי הבמה השונים ובז'אנרים ובסגנונות תיאטרוניים מגוונים, ופועל בזיקה הדוקה עם תיאטרון האוניברסיטה. התפקיד משלב הוראה, הנחיה מעשית של סטודנטים/ות, וניהול פדגוגי, אקדמי ואמנותי של המסלול.
על המועמד/ת יהיה להוביל את המסלול תוך דגש על הנקודות הבאות:
הוראת קורסים בבימוי כחלק מתכנית הלימודים.
מעקב אחר התפתחותם הלימודית של הסטודנטים/ות במסלול ושמירת תקשורת רציפה איתם.
ליווי והנחיית פרויקטים, הצגות ותרגילים של תלמידי/ות בימוי.
מעורבות פעילה ואחריות על איתור וגיוס סטודנטים/ות למסלול.
עבודה בשיתוף פעולה מתמיד עם ראש/ת החוג, עם ראשי/ות המסלולים האחרים בחוג, עם סגל ההוראה המעשי והעיוני-מחקרי, ועם מנהל/ת תיאטרון האוניברסיטה.
עדכון תכנית הלימודים ומצבת המורים/ות מעת לעת, לפי הצורך.
יוזמה והובלה של פעילויות הכשרה והעשרה
,
פרויקטים אמנותיים-מחקריים
,
ושיתופי פעולה אמנותיים ואקדמיים בתוך ומחוץ לאוניברסיטה.
נכונות לעבודה בשעות גמישות.","ניסיון בבימוי תיאטרון ובהוראה במסגרות של לימודי תיאטרון – חובה.
ניסיון בניהול תכניות ללימודי בימוי או מקצועות התיאטרון האחרים (כגון משחק) – יתרון.
תואר אקדמי מתקדם (
MA
,
MFA
או
PhD
) – יתרון.
הדרגה האקדמית ומסלול ההעסקה ייקבעו על פי הכישורים והניסיון של המועמד/ת.
הליכי
המינוי
של
המועמד
/
ת
ייעשו
בהתאם
לתקנוני
המינויים
של האוניברסיטה, בכפוף
לאישור
המוסדות
האקדמיים
המוסמכים
.
האוניברסיטה שומרת לעצמה את הזכות שלא למנות אף אחד מן המועמדים/ות.
יש לשלוח מכתב פנייה, קורות חיים
(
כולל ניסיון בבימוי ובהוראת בימוי או משחק
)
, ושמות ופרטי קשר של שני ממליצים/ות פוטנציאליים/ות לכתובת הר""מ.
המועד האחרון להגשת המועמדות:
3
במאי
2026
יש לשלוח את המסמכים הנדרשים אל: ספי ויינטראוב, אחראית מנהלית בכירה, החוג לאמנות התיאטרון, אוניברסיטת תל-אביב,
seffiw@tauex.tau.ac.il"
